"","dataset.id","Latitude","Longitude","Elevation","REGION","DepEnvt","Mean_annual_temperature","Temperature_seasionality","Precipitation_of_the_driest_quatrer","Precipitation_seasonality"
"1",11,67.75,135.583333,130,"Asia","Other",-118.5,20478,14,70.75
"2",12,55.934475,13.42774,58,"Europe","Raised Bog",77,6280,129,20.75
"3",20,69.12326,27.67406,170,"Europe","Glacial Origin Lake",3.75,8714.5,62,43.5
"4",25,52.516667,-57.033333,200,"North America","Glacial Origin Lake",6,9667.25,189.75,10.25
"5",31,60.136667,152.312778,480,"Asia","Lacustrine",-73.5,14657.5,27,61.5
"6",203,36.03015,-85.50132,303,"North America","Lacustrine",146.5,7727.75,231,17.75
"7",206,64.65,-128.083333,1360,"North America","Moraine Dammed Lake",-86,13114,47,69.75
"8",209,47.481667,-70.684722,648,"North America","Natural Lake",18.5,10454.5,176.25,12
"9",219,45.543056,-73.311111,114,"North America","Natural Lake",69.5,10456,211,13.75
"10",225,52.2,-10.308333,84,"Europe","Blanket Bog",108.25,2668,338.75,24.5
"11",228,37.16024,-119.25188,2015,"North America","Fen",81.5,6658.25,11,77
"12",234,37.595833,-119.008333,2816,"North America","Glacial Scour Lake",41.75,7080.75,36.5,68.25
"13",238,46.4,-78.916667,305,"North America","Glacial Scour Lake",41.75,10741.25,163.5,24.25
"14",239,45.8,-122.491667,155,"North America","Volcanic Origin Lake",114.75,5298.75,102.25,55.25
"15",250,37.473105,-108.160375,3060,"North America","Fen",30.25,8020.5,96.25,20.5
"16",253,65.016667,-127.483333,580,"North America","Glacial Origin Lake",-48.5,14322,38.75,72.5
"17",254,42.25,-77.916667,497,"North America","Mire",77.25,8744.5,166.5,22
"18",260,42.5,-73.316667,600,"North America","Lacustrine",72.75,8855.5,251.5,13
"19",275,46.27058,-94.551555,383,"North America","Glacial Origin Lake",58,11429.25,55,53.5
"20",281,33.563333,-88.474444,49,"North America","Lacustrine",172,7274.25,247,18.25
"21",287,43.083333,-89.866667,335,"North America","Mire",88,10367.25,79.75,39.5
"22",294,-27.7,-49.15,1160,"Latin America","Bog",149.75,3102.75,357.25,29.75
"23",302,55.575,-119.433333,872,"North America","Glacial Origin Lake",22.25,9763.75,77.25,43.25
"24",303,55.333333,-63.2,470,"North America","Glacial Origin Lake",-37.25,11608.5,110.75,30
"25",304,30.36,-97.126111,143,"North America","Mire",200.75,6677.5,152.5,29.75
"26",316,38.154722,-79.616389,620,"North America","Solution Origin Lake",107.75,7835,190.25,11
"27",317,70.18109,28.407205,119,"Europe","Glacial Origin Lake",0,8262.5,73,28
"28",328,33.5,-86.533333,204,"North America","Lacustrine",167.75,7166.25,257.5,14.75
"29",331,30.266667,-85.016667,20,"North America","Solution Origin Lake",198.25,5744.5,238.75,31
"30",332,46.666667,-88.016667,549,"North America","Lacustrine",35,8901.75,117.5,30.75
"31",335,59.55,151.833333,91,"Asia","Terrestrial",-37,12485,24,58
"32",336,61.683333,-130.65,1040,"North America","Glacial Origin Lake",-23.5,11422.25,44.5,35
"33",339,48.197778,-64.94,116,"North America","Natural Lake",40,9586.75,282.25,12
"34",340,44.93672,-68.77344,37,"North America","Raised Bog",72,9129,231.25,10.25
"35",341,55.666667,-63.25,475,"North America","Lacustrine",-42.5,11493.25,138,28.75
"36",342,44.15,7.694444,1905,"Europe","Mire",29.75,5939.25,147.75,26.25
"37",343,45.918056,-120.880556,714,"North America","Explosion Crater Lake",88.25,6921.75,29.75,72.25
"38",346,46.613889,-72.998611,220,"North America","Natural Lake",45.25,10801.75,173.25,15.25
"39",350,-40,-72,500,"Latin America","Terrestrial",62.75,4057.25,193.25,49
"40",357,19.5,-99,2240,"Latin America","Playa",164,1829.25,23,88
"41",361,45.651389,-60.675,15,"North America","Glacial Origin Lake",66.5,7657.25,268.25,17.5
"42",363,53.416667,26.433333,168,"Europe","Bog",67,8312.5,106,29
"43",367,38.466667,-98.666667,547,"North America","Marsh",129.25,9828.25,45,53
"44",374,49.616667,3.816667,73,"Europe","Marsh",108,5522,141.25,10
"45",375,40.675865,-88.324435,219,"North America","Mire",109,9643,129,27
"46",381,59.516667,-122.166667,651,"North America","Unknown",-21.5,13550,59,54.25
"47",489,43.12507,-93.42973,374,"North America","Glacial Origin Lake",80,10876.5,64,51.5
"48",492,33.798895,-78.95336,10,"North America","Solution Origin Lake",187,6063.5,234,26
"49",497,42.02,-93.27,329,"North America","Mire",93,10536.5,76,50
"50",501,50.034167,-56.196389,236,"North America","Glacial Scour Lake",23.5,7923.25,255.75,13.5
"51",506,38.87213,-107.08309,3250,"North America","Moraine Dammed Lake",3.25,7687,128.5,14.75
"52",510,45.960833,-73.341944,18,"North America","Bog",68.75,10754.75,190.5,13
"53",513,44.835435,-99.90806,549,"North America","Glacial Origin Lake",80,11133.25,32,60.25
"54",516,44.1,-78.1,170,"North America","Glacial Origin Lake",68.75,9397,181,8.5
"55",519,49.183333,-81.266667,259,"North America","Lacustrine",15.75,11899.25,132.5,25.5
"56",525,51.65,-116.416667,1940,"North America","Glacial Scour Lake",-11.75,8259,66.75,27.5
"57",532,44.7,-84.958333,360,"North America","Lacustrine",64,9047.75,125,25
"58",539,36.79913,-91.08998,243,"North America","Solution Origin Lake",141.25,8598.5,233.75,15
"59",543,44.65,-110.6,2530,"North America","Fen",15.25,8093,111.75,18
"60",549,54.883333,-69.4,607,"North America","Natural Lake",-44.5,12597,107.75,40.5
"61",550,46.591667,-122.25,282,"North America","Glacial Origin Lake",98.25,5431.75,80.75,63.25
"62",672,43.233333,-80.366667,260,"North America","Kettle Lake",83.25,9146,183.75,9
"63",673,44.033333,-71.833333,1325,"North America","Mire",22.75,9122,267.5,13.75
"64",677,54.423611,-69.929722,538,"North America","Natural Lake",-39.5,12674,104.25,42
"65",679,43.48,-85,248,"North America","Lacustrine",83,9422.25,108.75,25
"66",684,43.4178,-89.73205,294,"North America","Moraine Dammed Lake",82,10414.25,82.25,41.5
"67",691,48.910833,-66.125,494,"North America","Natural Lake",12,9606,146.25,13.5
"68",693,37,-119.083333,1683,"North America","Fluvial",85,6769.5,12,76
"69",701,43.933333,-110.233333,2628,"North America","Glacial Scour Lake",15.25,8087.25,122.75,16
"70",719,40.024167,-107.050833,3165,"North America","Soil",2.75,8022.5,94.75,7
"71",720,70.325835,31.025865,120,"Europe","Glacial Origin Lake",12.25,5922.25,108,18.75
"72",772,41.9327,-70.0005,2,"North America","Lacustrine",95.25,6672.25,213.5,13.5
"73",773,45.85,-70.35,650,"North America","Lacustrine",32,9872.25,206,19.5
"74",777,53.233333,-58.55,400,"North America","Glacial Origin Lake",-9.5,10485.75,176.25,20.25
"75",778,57.766667,-112.1,725,"North America","Glacial Origin Lake",-15,12251.5,62.75,63
"76",784,40.818056,21.9525,350,"Europe","Marsh",126,7589.75,78,32
"77",788,60.75,151.883333,810,"Asia","Lacustrine",-101,15350.25,23.5,72.25
"78",790,39.936667,-105.58,2848,"North America","Fen",18,7697.75,65.25,29.75
"79",792,62.083333,149,1040,"Asia","Lacustrine",-122.5,17177.75,28,59.75
"80",796,44.066667,-110.3,2634,"North America","Glacial Scour Lake",18.75,8110.75,89.25,17.25
"81",799,67.433333,172.166667,491,"Asia","Terrestrial",-111.75,14828,31,57.5
"82",803,61.166667,-100.916667,168,"North America","Mire",-77.75,14579.5,22,60.5
"83",804,59,78.333333,65,"Asia","Mire",-4,12884.5,55,47
"84",808,48.351944,-123.681667,155,"North America","Fen",102.75,4280.25,96.75,65
"85",813,41.196155,-81.334765,321,"North America","Kettle Lake",100.5,8766.5,181.25,15
"86",816,37,-119.833333,2219,"North America","Mire",189,6396.75,3,84
"87",821,45.282778,-72.982778,53,"North America","Bog",74.25,10283,201.25,15
"88",835,44.55,-107.466667,2609,"North America","Floating Mire",3,8795.25,62.75,39.5
"89",843,43.438889,-109.95,2766,"North America","Kettle Lake",9.5,8149.5,67,24.5
"90",847,42.33,-83.63,271,"North America","Lacustrine",93.25,9342.5,138,18
"91",852,41.158333,-71.575,28,"North America","Kettle Lake",109.5,7344,237.75,11.5
"92",853,38.616667,-111.666667,2720,"North America","Moraine Dammed Lake",40.25,8749,33.75,34.25
"93",857,46.275833,-73.475833,250,"North America","Natural Lake",51.5,10800.25,194,16.75
"94",860,44.05,-87.733333,211,"North America","Lacustrine",78,9246.25,95.25,32
"95",866,63.383333,147.65,969,"Asia","Glacial Origin Lake",-118.25,17546.75,18.75,78.5
"96",871,45.945833,-74.370833,473,"North America","Natural Lake",41.25,10626,252.75,11.75
"97",872,-24.666667,-50.216667,1200,"Latin America","Bog",164,2822,318.25,24.25
"98",876,55,83.333333,80,"Asia","Terrestrial",17.25,12844.25,48,39
"99",878,49.448,-99.28965,409,"North America","Kettle Lake",32,12271.75,65,50
"100",968,61.116667,152.266667,810,"Asia","Lacustrine",-103.5,16003.5,32.25,55.25
"101",969,31.721111,-86.134167,105,"North America","Lacustrine",183.5,6502.75,239,18
"102",971,44.983333,-69.316667,89,"North America","Kettle Lake",69,9491.75,204.25,10
"103",973,45.183333,-77.35,381,"North America","Glacial Origin Lake",53,10208,184.5,9.5
"104",977,63.702905,8.689085,46,"Europe","Glacial Scour Lake",69.5,4374,186.75,28.25
"105",978,55.033333,-62.633333,565,"North America","Glacial Scour Lake",-40.5,11477.25,155.75,23.5
"106",987,50.768889,-55.516667,104,"North America","Natural Lake",19,7229.75,237.75,14
"107",997,50.066667,137.083333,15,"Asia","Swamp",12.5,14982.75,40.75,68
"108",998,63.166667,175,102,"Asia","Glacial Origin Lake",-75.25,12325.5,50.5,52
"109",1002,43.236667,-80.413333,301,"North America","Kettle Lake",82,9136.5,188,9
"110",1003,68.383333,-138.383333,500,"North America","Lacustrine",-98.5,14262.5,21.5,76.75
"111",1013,34,-109.425,2780,"North America","Natural Lake",69,7143.25,54,61.25
"112",1030,43.75,-110.6,2073,"North America","Kettle Lake",45.25,8422.75,95.25,30
"113",1105,44.516667,-76.6,192,"North America","Glacial Origin Lake",74.25,9935.5,191,11
"114",1107,64.633333,-138.4,1160,"North America","Glacial Origin Lake",-66.25,12505,59.25,33.75
"115",1110,45.460278,-93.047778,277,"North America","Kettle Lake",71,11203,61,51.75
"116",1142,66.135,-66.083333,90,"North America","Lacustrine",-88.25,10808.75,31,44.25
"117",1148,44.633333,-122.575,988,"North America","Fen",63.5,5283.25,97.75,60.75
"118",1152,38.865,-107.033333,2920,"North America","Fen",21.25,7795.25,79.5,14.5
"119",1153,47.135556,-93.643611,478,"North America","Kettle Lake",45.75,11324.5,55.25,52.5
"120",1154,-22.783333,-45.533333,1850,"Latin America","Bog",155.5,2145.75,103.25,59.75
"121",1160,37.43255,-85.72462,260,"North America","Solution Origin Lake",138,8213.75,263.75,12
"122",1255,42.26,-93.7,317,"North America","Mire",91.5,10672,62.75,53.75
"123",1390,66.766667,-157.216667,183,"North America","Kettle Lake",-45.5,13135.75,34,75
"124",1432,68.15,-161.416667,190,"North America","Glacial Origin Lake",-83.75,13817.25,22,93.25
"125",1434,58.19142,27.41146,38,"Europe","Mire",58.75,8348,84.25,33.75
"126",1435,49.72651,15.970885,624,"Europe","Soligenous Mire",70,7094.25,113.75,35
"127",1438,57.64055,14.53458,308,"Europe","Glacial Scour Lake",55.75,6673,115.75,24
"128",1439,53.03,70.22,435,"Asia","Tectonic Origin Lake",14,12852,35,63.25
"129",1440,46.516667,32.616667,4,"Europe","Floodplain Mire",109,8824.5,79,19
"130",1441,70,85,60,"Asia","Terrestrial",-92.25,14184.25,67.5,28
"131",1444,55,81,150,"Asia","Terrestrial",12,13009,40,47
"132",1445,64.166667,-127.616667,1150,"North America","Moraine Dammed Lake",-68.5,13014,39.5,72.25
"133",1448,44.238056,-87.848056,261,"North America","Kettle Lake",74.75,9424.25,98.75,33
"134",1520,44.77085,-93.12255,286,"North America","Marsh",75,11126.5,61.5,50.75
"135",1522,57.68291,27.25128,183,"Europe","Glacial Origin Lake",52,8263.75,89,33
"136",1523,48.233333,-121.616667,190,"North America","Fen",97.25,5957.5,116,53.5
"137",1541,66.966667,-156.45,213,"North America","Moraine Dammed Lake",-46.25,13281.5,29,78.75
"138",1543,57.5,69,42,"Asia","Terrestrial",14,12553.75,43,51
"139",1564,47.35,-91.8,485,"North America","Lacustrine",36.25,11057.25,67,48
"140",1569,46.716667,-70.3,658,"North America","Lacustrine",24.75,10080.75,266.75,17.5
"141",1574,41.416667,-84.75,249,"North America","Glacial Origin Lake",101,9352,149.5,20
"142",1577,43.041685,-6.13878,1570,"Europe","Cirque Lake",56.75,4656.5,145.5,32
"143",1580,45.6,-84.316667,216,"North America","Lacustrine",61.75,9180,110,26.5
"144",1590,49.683333,-74.583333,830,"North America","Glacial Origin Lake",8.25,12049.5,156.5,31
"145",1591,56.283333,-75.1,250,"North America","Glacial Origin Lake",-45.25,12286,73,47.75
"146",1592,56.023333,-74.945,300,"North America","Glacial Origin Lake",-44.25,12468.25,72.75,48.75
"147",1595,56.1,-75.283333,300,"North America","Glacial Origin Lake",-42,12277.75,77,48.5
"148",1598,57.916667,-75.616667,200,"North America","Glacial Origin Lake",-60.5,12653.25,59.5,49.75
"149",1599,58.583333,-75.25,170,"North America","Glacial Origin Lake",-63.75,12986.75,50.25,48
"150",1603,58.141667,-75.15,150,"North America","Glacial Origin Lake",-58.75,12881.25,53.5,48.25
"151",1604,73.591389,-98.538889,110,"North America","Glacial Origin Lake",-163,14326.25,9,76.5
"152",1615,46,-73.216944,20,"North America","Bog",68,10752.25,192.75,13
"153",1621,-17.95,-42.216667,390,"Latin America","Natural Lake",241.5,1839.25,36,81
"154",1622,49.471389,-55.473056,105,"North America","Glacial Scour Lake",44.75,8040.5,221.25,12.5
"155",1626,49.207778,-65.812778,17,"North America","Natural Lake",30,9365,173,12.25
"156",1628,59.583333,151.866667,95,"Asia","Lacustrine",-40,12675.5,24,61.25
"157",1632,59.2,-135.4,230,"North America","Glacial Origin Lake",31.5,8413.25,152.25,45.25
"158",1633,45.04816,-92.823905,258,"North America","Kettle Lake",74.5,11112,56.75,51
"159",1639,47.286,-93.600465,391,"North America","Kettle Lake",48,11367.5,53,56.5
"160",1647,-11,-76.166667,4100,"Latin America","Moraine Dammed Lake",65,737,44.5,60
"161",1648,27.20731,-81.350875,34,"North America","Lacustrine",225,3689.75,133,54
"162",1650,52.45,-56.433333,295,"North America","Lacustrine",3.5,8974.25,230.25,10
"163",1656,54.725278,-112.480833,620,"North America","Kettle Lake",23.5,10913,60.25,62.25
"164",1657,56.716667,-119.716667,1100,"North America","Glacial Origin Lake",-4.75,10448.5,66.5,47.75
"165",1658,44.14,-71.701111,831,"North America","Glacial Origin Lake",38,9345.75,198.25,13
"166",1661,40.483333,-75.666667,192,"North America","Swamp",113.75,8639.75,264.25,10
"167",1663,45.033333,-68.2,110,"North America","Kettle Lake",66.25,9050.5,250.75,13.25
"168",1667,44.246944,-71.251389,635,"North America","Glacial Origin Lake",46,9472.75,240.75,9
"169",1670,52.94643,-131.764345,650,"North America","Glacial Scour Lake",50.25,3398.25,376,46.75
"170",1680,61,78.5,65,"Asia","Terrestrial",-15.25,13291.5,51,47
"171",1694,-41.333333,-71.583333,800,"Latin America","Mire",71.5,3999.5,94.25,62.5
"172",1698,45.041667,-68.733333,58,"North America","Kettle Lake",70.25,9302.75,222.75,10
"173",1701,43.225,-80.659722,300,"North America","Lacustrine",80.25,9102.25,198.75,9
"174",1703,47.077778,-71.422778,503,"North America","Natural Lake",41.75,10757.75,201.5,16.25
"175",1704,68.266667,-133.466667,105,"North America","Glacial Origin Lake",-79.75,15263.75,38.5,47.25
"176",1705,49.308333,-122.547222,305,"North America","Glacial Origin Lake",89.25,5721,270.5,41.75
"177",1707,44.15,-110.233333,2730,"North America","Glacial Scour Lake",4.5,7979,133.5,14
"178",1716,46.787778,-72.837778,270,"North America","Natural Lake",44.5,10849,159.75,17
"179",1735,43.1,-89.416667,257,"North America","Lacustrine",88,10413.75,78.5,38.5
"180",1755,66.916667,-155.033333,122,"North America","Moraine Dammed Lake",-48.75,13478.75,42.75,57
"181",1766,34.6492,-111.75225,1081,"North America","Solution Origin Lake",171.75,8044.75,32.75,40.5
"182",1768,46.85592,-98.15984,444,"North America","Kettle Lake",54,11780.25,38,62.75
"183",1769,52.266667,-58.05,385,"North America","Lacustrine",-2.25,9939,216.25,16.25
"184",1773,44.6275,-68.639167,143,"North America","Lacustrine",68.5,8258.5,278.75,13.5
"185",1780,60.033333,-141.966667,88,"North America","Mire",36.75,4790,445.75,41
"186",1782,39.53,-95.513333,280,"North America","Mire",124.5,9877.5,73.75,47.5
"187",1786,47.982605,-93.3853,393,"North America","Glacial Origin Lake",41,11433.25,55.25,54.25
"188",1788,63.016667,-128.8,1380,"North America","Bog",-57,11796.75,59.25,46
"189",1791,57.65,-71.65,330,"North America","Natural Lake",-57,12768.75,71,43.5
"190",1806,67.866667,-160.433333,274,"North America","Natural Lake (Origin Unknown)",-82.5,13539.5,27,79
"191",1810,61.25,77,55,"Asia","Terrestrial",-17,13249.5,56,45
"192",1814,41.283333,-70.208333,6,"North America","Kettle Lake",105,6610.25,200,14
"193",1817,42.65171,-73.053365,586,"North America","Glacial Origin Lake",71.75,8901.5,265.5,8
"194",1820,45.216667,-79.45,305,"North America","Glacial Scour Lake",57,10004,209.75,16
"195",1824,43.333333,-95.2,426,"North America","Lacustrine",78.5,11064.5,43.5,57.75
"196",1843,43.25,134.566667,8,"Asia","Bog",61,10132.75,42.25,68
"197",1845,50.416667,80.466667,227,"Asia","Swamp",46.25,13069.75,47.5,30.25
"198",1854,43.45,-109.940833,2714,"North America","Kettle Lake",11.75,8166.25,61,25.25
"199",1856,43.459167,-109.92,2739,"North America","Kettle Lake",12,8164,59,26.75
"200",1860,49.36771,75.39858,871,"Asia","Tectonic Origin Lake",17,11889.25,35.75,46.75
"201",1866,19.583333,-101.583333,2044,"Latin America","Volcanic Origin Lake",168,1833,18.5,102
"202",1868,44.1,-78.34,188,"North America","Lacustrine",74.5,9462.5,157.5,10
"203",1882,67.2,-142.066667,211,"North America","Fluvial Origin Lake",-50.25,14358.75,18,75.25
"204",1892,-26.416667,-48.866667,10,"Latin America","Terrestrial",220,2918.75,312,28.75
"205",1897,42.16,-93.9,352,"North America","Mire",91,10645,74,51.25
"206",1906,48.596389,-124.196667,70,"North America","Kettle Lake",105,4040.25,149.5,57.5
"207",1959,59.95,152.1,660,"Asia","Glacial Origin Lake",-87,13873.5,36.5,52.25
"208",1961,44.033333,-70.35,94,"North America","Kettle Lake",77.75,9159,238,13.25
"209",1964,48.905556,-123.833333,1100,"North America","Unknown",49.25,4267.5,119.25,63.25
"210",1974,36.6,-90.583333,91,"North America","Fluvial Origin Lake",153,8667.75,234.5,16
"211",1979,61.033333,151.716667,980,"Asia","Glacial Origin Lake",-101.75,15867.5,29,58
"212",1981,47.075,-64.8,6,"North America","Mire",55,9292.5,202,10
"213",2001,40.666667,-84.883333,250,"North America","Terrestrial",108,9303.5,153,21.75
"214",2004,64.116667,-110.566667,480,"North America","Glacial Origin Lake",-86,14648.75,33,50.25
"215",2007,41,-81.966667,305,"North America","Terrestrial",105.5,8905.25,162,20
"216",2011,43.4,-88.1,274,"North America","Lacustrine",80,9326.5,92.25,35
"217",2015,58.216944,-71.95,225,"North America","Natural Lake",-57.75,12881,72,43.5
"218",2023,45.6,-76.1,200,"North America","Glacial Scour Lake",58.75,10594,184.75,11.75
"219",2025,67.147222,-153.65,820,"North America","Cirque Lake",-80.25,13300.75,36,44.75
"220",2026,42.728889,-109.193889,3134,"North America","Moraine Dammed Lake",-11,8504.75,67.5,40.25
"221",2028,49.35,-92.7,460,"North America","Glacial Origin Lake",26.5,11990.25,91,42.5
"222",2048,45.670833,-71.325,320,"North America","Natural Lake",50.75,10129.25,245.25,17
"223",2049,40.083333,-105.541667,3095,"North America","Glacial Scour Lake",7.25,7664.25,65,31.25
"224",2053,46.211944,-95.284167,443,"North America","Kettle Lake",56,11520.25,51,56
"225",2065,48.00942,-101.53972,620,"North America","Kettle Lake",48,11428.5,35,66.5
"226",2265,48.051944,-65.266944,50,"North America","Natural Lake",45,9831.75,204.5,11
"227",2270,41.3525,-72.29915,11,"North America","Lacustrine",112,7986.25,249,10
"228",2286,45.963889,-73.330833,18,"North America","Natural Lake",69,10761.5,188,13
"229",2297,73.133333,-95.283333,180,"North America","Glacial Origin Lake",-165.5,14982.25,12.5,73.5
"230",2303,72.583333,-95.066667,160,"North America","Glacial Origin Lake",-161,14609.25,15,67
"231",2311,67.066667,-154.233333,210,"North America","Kettle Lake",-52,13618,33,63.25
"232",2314,44.87083,-93.858975,314,"North America","Kettle Lake",73,11273,56,54
"233",2318,46.131944,-85.179167,259,"North America","Lacustrine",50,8464.5,134.5,24.5
"234",2324,67.433333,-147.85,640,"North America","Kettle Lake",-68.25,13801,20,66.5
"235",2327,-19,-46.766667,980,"Latin America","Mire",207.25,1592.75,52.5,76.5
"236",2332,46.654167,-72.978889,240,"North America","Natural Lake",46.5,10834.5,164.5,15.5
"237",2338,33.658333,-117.858333,2,"North America","Salt Marsh",192.5,4340.5,1,95.25
"238",2351,67.583333,-151.416667,650,"North America","Kettle Lake",-79.25,13925.75,33.25,56.75
"239",2377,45.016667,-64.183333,30,"North America","Mire",69.5,8458.25,223.5,12
"240",2378,45.358889,-72.584722,282,"North America","Swamp",59.5,10110.25,229.5,16.75
"241",2385,40.354335,-83.812515,332,"North America","Kettle Lake",106,9107.25,176.5,20.5
"242",2395,20.866667,-90.133333,1,"Latin America","Solution Origin Lake",265.5,1982.5,40,75
"243",2576,44.933333,-110.35,1884,"North America","Kettle Lake",43.75,8275.75,74.25,25.5
"244",2579,64.766667,141.116667,800,"Asia","Lacustrine",-126.5,19614.25,12,91.75
"245",2580,57.45,-120.666667,900,"North America","Glacial Origin Lake",-6.75,11037.5,88.5,49.75
"246",2583,62.166667,149.5,822,"Asia","Moraine Dammed Lake",-115.75,17437.25,29.75,54.25
"247",2586,46.47,-86.958333,203,"North America","Glacial Origin Lake",54.25,8557.25,121,22
"248",2588,38.83164,-107.078195,3165,"North America","Moraine Dammed Lake",9.25,7717.75,97.25,13.75
"249",2590,55.511389,-119.583333,835,"North America","Glacial Origin Lake",25,9683.25,69.25,42
"250",2591,41.673889,-76.35,342,"North America","Lacustrine",95.25,8812.25,159,14
"251",2593,41.23687,-74.1833,223,"North America","Kettle Lake",108.5,8680.5,201.5,10.75
"252",2599,37.6625,-119.0675,2438,"North America","Glacial Scour Lake",47.25,7102,39.25,74.5
"253",2609,40.216667,-84.689444,309,"North America","Fen",109,9185.5,157,21
"254",2611,60.95,-137.957778,847,"North America","Glacial Origin Lake",-15.75,8917.75,32.75,37
"255",2615,49.31969,-122.562125,540,"North America","Lacustrine",85.25,5709.5,271.5,45.25
"256",2617,41.391389,-74.037778,380,"North America","Lacustrine",96.5,8639.75,292,10.5
"257",2619,37.95,-119.816667,1554,"North America","Natural Lake",99.75,6668.75,16.75,82
"258",2624,44.15,-91.45,244,"North America","Mire",82,10741.25,57.25,49.75
"259",2626,41.038875,-75.263845,277,"North America","Mire",105.25,8712.5,228.5,12
"260",2627,59.666667,151.2,40,"Asia","Terrestrial",-31.75,12181,23.75,57.5
"261",2637,63.066667,-145.7,1000,"North America","Kettle Lake",-35.25,10999.5,77.5,46
"262",2642,66.583333,-143.15,189,"North America","Volcanic Origin Lake",-36.5,14667.5,19,56.75
"263",2644,37.908333,-119.258333,3018,"North America","Kettle Lake",22.5,6927.5,50,65.75
"264",2647,50.815305,-114.59946,1480,"North America","Kettle Lake",24.75,8248,64.5,52.25
"265",2649,55,84,110,"Asia","Terrestrial",10.75,12649.75,43.75,44.25
"266",2652,52.733333,-118.366667,1935,"North America","Lacustrine",-17.75,8318.25,92,21.5
"267",2660,61.016667,152.333333,750,"Asia","Lacustrine",-120.75,15546.5,34.5,64.5
"268",2661,69.05,-133.45,60,"North America","Kettle Lake",-95,14562,28,50
"269",2663,27.58613,-81.503395,32,"North America","Solution Origin Lake",222,3923,137.75,54.25
"270",2671,49.157778,-65.762778,447,"North America","Natural Lake",14,9224.25,208,16.25
"271",2880,37.46906,-108.10256,3290,"North America","Lake Marginal Fen",17,7905.25,100.75,20.5
"272",2882,66.05,-135.655556,660,"North America","Moraine Dammed Lake",-67.75,13499.5,54.5,47.5
"273",2888,46.184444,-95.306944,446,"North America","Kettle Lake",56,11520.25,51,55.5
"274",2904,63.283333,147.75,800,"Asia","Terrestrial",-113.75,17589.75,21.5,76.25
"275",2919,42.35154,-88.18475,229,"North America","Mire",93,9513.5,115,31
"276",2922,48.529167,-124.002222,950,"North America","Unknown",58.5,4076,134.5,66.75
"277",2951,51.516667,-57.3,98,"North America","Glacial Scour Lake",16,9118.25,202,16.5
"278",2953,48.672222,-124.844444,15,"North America","Kettle Lake",105.5,3584,232,56
"279",2954,64.333333,-151.266667,305,"North America","Natural Lake (Origin Unknown)",-24,13036.5,37.25,80.75
"280",2959,41.966667,-71.116667,20,"North America","Lacustrine",104.75,7935.75,255.5,8
"281",2961,42.4,-85.383333,271,"North America","Lacustrine",92,9191.75,132.25,24
"282",2962,59.25,-114.15,880,"North America","Kettle Lake",-40.5,12913.75,63.25,48
"283",3029,46.116667,-94.116667,375,"North America","Other",60,11370.25,49.5,56
"284",3031,45.005015,-93.57276,292,"North America","Kettle Lake",72.25,11223,60.75,53.25
"285",3032,46.429167,-85.661111,259,"North America","Lacustrine",46,7919,152.5,19.5
"286",3035,45.333333,-90.083333,464,"North America","Kettle Lake",56.5,10416.75,74,49
"287",3047,46.754925,-87.94245,445,"North America","Lacustrine",39,8688.75,124,22.75
"288",3050,43.03,-93.87,356,"North America","Mire",82.5,10928.5,59.5,54.75
"289",3054,37.71109,-105.740635,2300,"North America","Wind Origin Lake",67,8325.5,19,54
"290",3056,37.569525,-105.514165,3523,"North America","Glacial Scour Lake",-9.5,7901.75,46.25,47.5
"291",3058,45.25397,-67.33173,106,"North America","Lacustrine",63.5,8842.25,269.75,13.25
"292",3060,37.3666666666667,-110.866666666667,1280,"North America","Cave",150,9696.75,19.5,33.75
"293",3078,62.666667,147.983333,700,"Asia","Terrestrial",-103.5,17613.5,20,70.75
"294",3125,50.69095,-99.65835,735,"North America","Kettle Lake",7,11959.75,61.5,54.75
"295",3126,34.405556,-95.808333,263,"North America","Raised Bog",167,7996,216.5,25.75
"296",3130,44.18236,-73.96963,661,"North America","Glacial Origin Lake",49.5,9533.5,155.25,12.75
"297",3149,60.356667,-123.646667,460,"North America","Raised Bog",-17,13667.5,44.25,59.75
"298",3471,57.116667,-76.378333,210,"North America","Glacial Origin Lake",-50,11173.75,71,41
"299",3482,48.142555,-91.11254,462,"North America","Glacial Scour Lake",29.25,11422.25,76.25,47.5
"300",3487,44.98419,-97.350125,519,"North America","Glacial Origin Lake",65,11467,38.25,62.25
"301",3488,43.1,-89.416667,257,"North America","Lacustrine",88,10413.75,78.5,38.5
"302",3492,47.244755,-95.007715,430,"North America","Kettle Lake",48,11537,46.75,57
"303",3493,41.81115,-73.292685,360,"North America","Lacustrine",93,8689,251,8.25
"304",3500,30.366667,-97.116667,142,"North America","Mire",201,6680,150.25,29.5
"305",3542,45.501375,-97.27683,395,"North America","Glacial Origin Lake",57.75,11531,41,60
"306",3557,-40.9525,-72.905,120,"Latin America","Fen",114,3408.75,193.5,47.75
"307",3558,45.03503,-93.6305,292,"North America","Mire",72.5,11241.75,59,53
"308",3561,34.462222,-111.345278,2205,"North America","Solution Origin Lake",101.25,7555.75,47,41.75
"309",3563,41.583056,-85.25,294,"North America","Kettle Lake",97.5,9327.25,140,23
"310",3582,36.166667,-76.683333,6,"North America","Lacustrine",161,7189.25,226,22
"311",3611,33.866667,-108.25,2069,"North America","Playa",114,7469.75,32,73.75
"312",3781,45.3,-91.45,335,"North America","Lacustrine",67,10821,66.5,49
"313",3790,42.516667,-72.2125,231,"North America","Mire",91.25,8987,267.25,7
"314",3830,44.148295,-74.055675,948,"North America","Unknown",35.25,9378.25,237,13
"315",3861,49.48079,90.49975,1435,"Asia","Lacustrine",-3,12772.25,3,119.25
"316",3865,57.235278,-3.710556,221,"Europe","Valley Mire",76.75,3883.75,149.5,17
"317",3869,44.2416666666667,6.70222222222222,2121,"Europe","Mire",19.25,6290.5,191,17.25
"318",3872,45.633333,2.933333,1015,"Europe","Mire",73.5,5788.5,185,16
"319",3882,59.0608,26.24178,95,"Europe","Glacial Origin Lake",51.75,8171.25,84.5,37.5
"320",3883,42.329835,27.724545,0,"Europe","Lacustrine",137.75,7305.5,114.25,23
"321",3892,48.013333,6.994444,926,"Europe","Artificial Lake",54.25,6074,381.75,17.5
"322",3894,48.456111,1.793611,127,"Europe","Fluvial",108.75,5449.25,130.5,8
"323",3900,47.186111,-1.858056,1,"Europe","Marsh",124.5,4575.5,116.75,25
"324",3902,54.085278,24.121111,149,"Europe","Fen",72.25,7890,94.75,29
"325",3913,52.183333,-7.033333,33,"Europe","Open-water Transition Mire",106,3423.75,199.25,21
"326",3923,57.18367,16.14528,73,"Europe","Glacial Origin Lake",73,6390,96,22
"327",3930,43.8,7.1,863,"Europe","Riverine",101.75,5942.5,111.5,44
"328",3972,47.2544444444444,-1.80027777777778,1,"Europe","Marsh",124.25,4619.5,121.75,26
"329",3973,44.391111,6.404167,2075,"Europe","Mire",28.25,6391.25,223.5,20
"330",3974,49.533333,21.7,495,"Europe","Mire",79,7569.5,111.5,42
"331",3977,45.444444,2.875278,1182,"Europe","Bog",66.25,5782,272.5,13
"332",4010,48.18924,98.76251,2465,"Asia","Lacustrine",-54.5,12120.25,4.5,111.75
"333",4011,58.32288,14.70652,96,"Europe","Raised Bog",66,6907.25,78.5,26
"334",4012,60.38736,-1.09648,56,"Europe","Natural Lake",82.25,2697.75,175,31
"335",4024,47.166667,13.866667,1700,"Europe","Fen",27.25,6929,164.5,35
"336",4025,48.7767,16.42123,179,"Europe","Fen",103,7386.25,72,36
"337",4031,58.366667,23.966667,17,"Europe","Natural Lake",64,7475.75,85.75,31.25
"338",4040,62.61594,12.13394,780,"Europe","Unknown",10.25,7207,84.5,30
"339",4041,59.701145,6.173345,570,"Europe","Glacial Origin Lake",37.75,5890.5,281,29
"340",4042,58.55679,13.67319,109,"Europe","Glacial Origin Lake",64.5,6896,95,26
"341",4050,47.366667,-2.25,80,"Europe","Valley Mire",125,4390,119.25,26.25
"342",4056,48.444444,-0.191667,276,"Europe","Marsh",100.5,4967.5,176.5,16.5
"343",4058,47.116667,13.9,1680,"Europe","Raised Bog",23.25,6924.75,149,42.75
"344",4081,50.2618,106.6188,600,"Asia","Lacustrine",14.5,14345.5,9,108.75
"345",4082,56.288335,12.51948,125,"Europe","Mire",77.5,6186.5,122.75,25.75
"346",4083,39.16058,22.83784,0,"Europe","Unknown",169,6785.5,44.5,42.25
"347",4092,60.62404,24.25122,114,"Europe","Natural Lake",47.75,8020.25,98.75,30.75
"348",4095,52.5,0.833333,33,"Europe","Solution Origin Lake",101,4372.25,130.75,13
"349",4097,48.67256,88.28455,2083,"Asia","Lacustrine",-36,11379,14,71.25
"350",4118,49.041667,19.677778,660,"Europe","Soligenous Mire",67,7487.75,132,39.75
"351",4120,49.3705,21.8875,680,"Europe","Fen",64.5,7537.75,141.5,34.25
"352",4133,61.41513,25.86881,104,"Europe","Natural Lake",42.25,8697.25,91.25,34.5
"353",4136,66.12667,28.99524,288,"Europe","Soligenous Mire",2,9343.5,87.75,32.5
"354",4139,58.383333,22.2,32,"Europe","Glacial Origin Lake",67.75,6738.75,85.25,33
"355",4147,40.6279,21.599205,560,"Europe","Marsh",126,7439.25,84.25,26.5
"356",4150,52.807895,-2.109,70,"Europe","Drained Lake",97.5,4362.25,148.75,11
"357",4154,54.706944,17.284722,1,"Europe","Mire",84,6439.5,108,27.75
"358",4170,41.983333,24.333333,1356,"Europe","Swamp",65,7558.75,174.5,18.5
"359",4184,42.135515,-6.793635,1608,"Europe","Glacial Scour Lake",67.75,5123.5,69,47.5
"360",4186,44.7672222222222,6.53694444444444,1834,"Europe","Lacustrine",47.75,6595.5,142.5,23
"361",4187,47.3419444444444,-1.93416666666667,1,"Europe","Marsh",124,4561.5,119.25,27
"362",4192,52.54901,17.38084,109,"Europe","Natural Lake",86,7101.75,79,34.5
"363",4196,45.473333,5.416667,680,"Europe","Marsh",103.25,6440.5,304.25,11
"364",4197,45.473333,5.416667,680,"Europe","Marsh",103.25,6440.5,304.25,11
"365",4198,45.473333,5.416667,680,"Europe","Marsh",103.25,6440.5,304.25,11
"366",4200,59.8016666666667,14.6233333333333,198,"Europe","Natural Lake",51.25,7442.75,122,24.75
"367",4203,59.30546,27.57509,46,"Europe","Bog",55,8170.5,82.75,36.75
"368",4209,56.148125,-4.6259,8,"Europe","Natural Lake",85.25,3956.25,314.25,31
"369",4211,44.057778,7.45,2114,"Europe","Fen",18.75,5858,164,29
"370",4213,47.031944,7.299167,514,"Europe","Glacial Origin Lake",99.25,6450.25,214.25,23.25
"371",4221,45.666389,5.243333,416,"Europe","Marsh",117.25,6401.75,256.5,14.5
"372",4225,46.444444,-0.862222,4,"Europe","Bog",126.25,5011.25,130.25,26.5
"373",4239,65.61709,29.61124,248,"Europe","Mire",6,9340.5,94,30.75
"374",4247,41.7,23.033333,1720,"Europe","Bog",64.75,7487.5,127.25,20.25
"375",4251,57.68456,-5.453995,60,"Europe","Valley Glacier Lake",90,3355.25,232.5,30.75
"376",4256,42.11301,12.317055,204,"Europe","Volcanic Origin Lake",153,6313,90.25,36.5
"377",4257,69.04527,20.97475,685,"Europe","Natural Lake",-23,8676.5,60.5,35.25
"378",4259,62.34206,26.23393,118,"Europe","Lacustrine",34.75,8888.75,103,37
"379",4269,49.00223,14.77806,428,"Europe","Floodplain Mire",87.75,7125.5,94.5,39.25
"380",4279,56.9975,-3.4325,425,"Europe","Soligenous Mire",68.25,3966.75,154.25,17.75
"381",4286,68.916667,21,535,"Europe","Glacial Origin Lake",-14.25,8788.25,57.5,39.25
"382",4293,54.27048,-5.95509,250,"Europe","Blanket Bog",91.75,3465.75,236.5,16
"383",4294,39.1,-0.683333,225,"Europe","Mire",169.25,5673.25,54,37.5
"384",4296,39.1,-0.683333,225,"Europe","Mire",169.25,5673.25,54,37.5
"385",4306,54,15.05,5,"Europe","Drained Lake",87,6437.25,107,22
"386",4308,58.00009,24.68735,55,"Europe","Raised Bog",60.25,7795.75,93.75,31
"387",4311,45.4519444444444,2.62277777777778,842,"Europe","Raised Bog",87.75,5791.25,292.5,11.25
"388",4314,53.2634611111111,25.9991861111111,168,"Europe","Bog",67,8231.25,103,28
"389",4320,51.696667,23.956667,158,"Europe","Drained Lake",79,7924.75,84.5,35
"390",4323,44.155556,10.78,1225,"Europe","Unknown",78.25,6725.5,143,25.25
"391",4330,44.298611,10.214722,1187,"Europe","Glacial Origin Lake",72,6732.25,172,27.25
"392",4338,54.3125,24.7311111111111,114,"Europe","Fluvial",69.25,7958,104.5,26
"393",4362,57.68477,27.25948,183,"Europe","Lacustrine",52,8263.25,90.25,33
"394",4364,49.472685,19.811345,656,"Europe","Raised Bog",66,7349.25,149,34.75
"395",4367,42.033333,-3.016667,1470,"Europe","Marsh",78,5595.75,91.25,24.75
"396",4369,58.59222,26.64967,52,"Europe","Lacustrine",55,8275,83.25,33.25
"397",4372,69.35,20.3166666666667,100,"Europe","Natural Lake",15.5,8190.25,67,28
"398",4373,45.348333,5.655278,673,"Europe","Lacustrine",103.75,6539.25,311.75,8
"399",4374,45.348333,5.655278,673,"Europe","Lacustrine",103.75,6539.25,311.75,8
"400",4375,45.425,5.608333,682,"Europe","Drained Lake",102.5,6507,313.25,8
"401",4377,49.42377,21.27779,515,"Europe","Bog",71,7508.25,111.25,34.75
"402",4378,49.25165,14.08929,369,"Europe","Fen",89.75,7074.75,89,38.5
"403",4383,47.075556,8.325556,419,"Europe","Glacial Origin Lake",103.75,6531.25,262.75,28
"404",4385,58.133333,-6.883333,27,"Europe","Valley Mire",91,2681,191.25,25.75
"405",4393,60.438365,24.17711,70,"Europe","Raised Bog",51.75,7833.25,103.25,30.75
"406",4397,52.54984,17.35631,109,"Europe","Natural Lake",86,7097.25,81.5,34.5
"407",4398,52.54984,17.35631,109,"Europe","Natural Lake",86,7097.25,81.5,34.5
"408",4401,62.24107,-7.15784,23,"Europe","Lacustrine",56,2383.25,289.5,34.5
"409",4403,57.16313,12.41426,35,"Europe","Drained Lake",76,6276.25,151.75,24.75
"410",4421,58.0725,-5.194,74,"Europe","Natural Lake (Origin Unknown)",86,3213,224.75,28
"411",4427,44.42,6.336389,1308,"Europe","Fen",72.5,6545,207.25,17.5
"412",4435,50.78295,20.77591,248,"Europe","Fluvial Origin Lake",82,7387.5,91,35.75
"413",4436,54.776944,-6.258333,52,"Europe","Raised Bog",97.5,3521,195.5,17
"414",4437,48.031944,7,1290,"Europe","Mire",50.75,6058,411,15.5
"415",4445,56.12846,8.61341,41,"Europe","Drained Lake",84,5435.75,139.5,27.75
"416",4446,56.12846,8.61341,41,"Europe","Drained Lake",84,5435.75,139.5,27.75
"417",4461,47.268611,-1.75,56,"Europe","Palustrine",121.5,4646.75,135.5,27
"418",4466,54.033333,28.1,165,"Europe","Glacial Origin Lake",63,8550.75,103.5,29.25
"419",4468,69.603,28.83694,104,"Europe","Glacial Origin Lake",3,8643.25,68.5,35
"420",4469,48.94393,17.069345,174,"Europe","Fen",101.5,7457.75,75.25,34.5
"421",4472,61.216667,28.116667,83,"Europe","Bog",42.25,8911.5,94.75,32
"422",4473,49.633333,21.1,465,"Europe","Soligenous Mire",79.5,7489,92.75,41.25
"423",4476,49.111435,22.82728,670,"Europe","Raised Bog",62.75,7657.75,119.25,38
"424",4479,49.73807,21.56259,220,"Europe","Drained Lake",88.75,7568,108.75,38.25
"425",4482,40.96361,24.262765,10,"Europe","Tectonic Origin Lake",157,7426.75,66.25,38
"426",4485,42.366667,22.833333,870,"Europe","Marsh",75.75,7560.5,174.75,19.5
"427",4489,57.483333,14.466667,303,"Europe","Mire",55.75,6645.5,135.25,24.25
"428",4492,43.15,-3.433333,920,"Europe","Bog",104.25,4739.25,198.25,21.75
"429",4494,69.87599,23.4592,188,"Europe","Natural Lake",9.25,7639.5,64.25,28
"430",4497,58.5,22.333333,32,"Europe","Mire",68.5,6761,89,33.5
"431",4501,47.172222,13.9,1750,"Europe","Mire",22.5,6910.75,149.25,36.25
"432",4507,44.391111,6.404167,2075,"Europe","Mire",28.25,6391.25,223.5,20
"433",4517,50.60464,16.213235,450,"Europe","Valley Mire",72.25,7092.75,106.75,31.75
"434",4523,58.5205,25.42171,46,"Europe","Unknown",56.25,8044.5,107.25,30.25
"435",4524,48.416667,1.75,150,"Europe","Mire",109,5453.25,135,8.25
"436",4527,48.97805,17.200255,192,"Europe","Drained Lake",99.75,7462,85,32.5
"437",4529,52.516667,0.25,2,"Europe","Other",103,4499.75,117,11
"438",4531,58.466667,22.383333,33,"Europe","Raised Bog",67,6777.25,90,34
"439",4539,62.133333,22.866667,172,"Europe","Bog",37.25,8317.5,97.75,33.25
"440",4548,35.533333,46.116667,1288,"Asia","Lacustrine",150,9554.25,2,84
"441",4549,46.858333,11.025,2150,"Europe","Mire",4.75,6534.5,124.25,32
"442",4555,45.884722,6.749444,1857,"Europe","Marsh",34,6518,331.5,11
"443",13029,44.5924,-93.4132,305,"North America","Kettle Lake",74.5,11141.75,63,52.25
"444",13032,44.21895,-93.84015,311,"North America","Kettle Lake",76,11189.25,61.25,53
"445",13051,46.5986,-96.18675,393,"North America","Kettle Lake",54.75,11721.25,41.5,59.25
"446",13053,20.3882,-101.256,1702,"Latin America","Explosion Crater Lake",196.75,2261.25,15,109.5
"447",13055,20.43105,-101.249,1684,"Latin America","Explosion Crater Lake",193.25,2273.75,22.5,106
"448",14110,52.95853,-6.425735,585,"Europe","Cirque Lake",67.25,3545,248.5,21.5
"449",14134,35.51763,135.88674,20,"Asia","Mire",155,7984,366,20.25
"450",14264,-13.26292,-63.709895,138,"Latin America","Oxbow Lake",253,962.5,48.25,68
"451",14289,52.19509,-10.165595,233,"Europe","Cirque Lake",89.75,2751.5,346.75,25
"452",14410,46.542635,-86.037795,261,"North America","Kettle Lake",44.25,7824.25,154,20.75
"453",14498,50.780545,-115.92977,1183,"North America","Moraine Dammed Lake",38,8508.25,50.5,29.25
"454",14510,51.96283,-9.58186,112,"Europe","Soil",105,2913,249.75,27.75
"455",14521,53.91891,-9.58825,15,"Europe","Natural Lake",103.25,2958.25,253,28.25
"456",14523,53.953345,-9.723135,184,"Europe","Cirque Lake",88,2922.5,321,23.75
"457",14525,54.04048,-9.434765,73,"Europe","Kettle Lake",100,3005.75,239,24
"458",14527,54.05008,-9.639,320,"Europe","Cirque Lake",83,2946.5,310,26.25
"459",14549,37.67214,-112.792245,3127,"North America","Fen",22.5,8152.25,76.5,24.25
"460",14554,53.758835,-9.55729,100,"Europe","Marsh",99.75,2993.25,260.25,24.5
"461",14556,52.04027,-9.48088,61,"Europe","Bog",107.5,2957.25,283.75,27.75
"462",14560,43.451545,-7.062495,770,"Europe","Raised Bog",141,3984.25,142.75,30.75
"463",14612,37.27446,96.90074,2817,"Asia","Tectonic Origin Lake",43,9766.25,2,104
"464",14624,46.35065,-69.0517,370,"North America","Small Hollow Fen",45.25,9963,154.25,17.5
"465",14674,44.313195,-68.22364,30,"North America","Small Hollow",68.5,7215.25,265,15.25
"466",14676,46.334815,-69.049415,360,"North America","Small Hollow",45.5,9961.5,153.75,19.5
"467",14680,44.031825,-68.630365,65,"North America","Small Hollow",72.5,6946.5,258.75,20
"468",14682,44.573075,-67.530695,20,"North America","Small Hollow",69.5,7527.25,248.75,16
"469",14794,51.106595,-127.534035,4,"North America","Glaciomarine",94,3822,206.5,50.25
"470",14897,-18.0666666666667,178.533333333333,4,"Oceania","Mire",252,1317,435.75,32
"471",14933,46.2287,-85.380295,251,"North America","Glacial Origin Lake",49,8195.25,151.5,20.5
"472",14935,47.883685,-123.35093,1544,"North America","Glacial Meltwater Channel Lake",19.5,4333.5,111.5,60.75
"473",14938,47.712915,-123.53259,1415,"North America","Cirque Lake",43.25,4253.75,128,61.75
"474",14944,36.6307,-112.238595,2512,"North America","Solution Origin Lake",74.5,8410.5,44,30.75
"475",14948,66.62246,-61.64925,323,"North America","Moraine Dammed Lake",-99.25,9700.75,92.25,31
"476",14951,36.371125,-112.147175,2778,"North America","Solution Origin Lake",60,8206.75,46.75,32.25
"477",14955,30.05034,-92.7095,1,"North America","Estuarine",204,5873.25,303.25,15
"478",14957,41.623285,-85.212085,294,"North America","Kettle Lake",97,9329.75,141.75,23
"479",14995,70.475005,-157.34207,2,"North America","Stream-cut Exposure",-111,13750.75,12,92
"480",15035,47.911995,-89.0908,301,"North America","Kettle Lake",32.25,8273.5,123.75,27.75
"481",15061,-42.350215,-71.288765,818,"Latin America","Moraine Dammed Lake",80.25,4095.5,108,59.5
"482",15081,37.43255,-85.72462,260,"North America","Solution Origin Lake",138,8213.75,263.75,12
"483",15088,36.03015,-85.50132,303,"North America","Lacustrine",146.5,7727.75,231,17.75
"484",15101,-42.488745,-71.397075,556,"Latin America","Lake Dammed by Alluvial Fans",94,3999,88.5,54.25
"485",15103,-41.510745,-71.50711,849,"Latin America","Glacial Origin Lake",77.75,4021,121.75,52.25
"486",15130,-43.43602,-71.561275,640,"Latin America","Glacial Scour Lake",81.5,3741.5,154.75,47.5
"487",15132,-41.070335,-71.493525,758,"Latin America","Glacial Origin Lake",84.5,4146.5,96.25,65.25
"488",15136,48.0859,-98.92935,443,"North America","Ice Thrust Lake",43,12043.25,34.75,68
"489",15138,49.450245,-99.289145,409,"North America","Kettle Lake",32,12271.75,65,50
"490",15140,51.287795,-101.32475,568,"North America","Kettle Lake",14,11994.5,53,54
"491",15142,41.93619,-70.75736,40,"North America","Swamp",99.75,7400.75,260,11.5
"492",15157,67.15792,-151.859995,250,"North America","Glacial Origin Lake",-50,13848,33.5,60
"493",15160,-42.10391,146.18492,737,"Oceania","Glacial",82.75,3091,196,24.25
"494",15185,67.07084,-154.244985,230,"North America","Kettle Lake",-52.75,13620.25,32.25,66.25
"495",15187,67.12648,-151.383615,290,"North America","Kettle Lake",-51,13836,35.5,55
"496",15189,67.111235,-152.491385,240,"North America","Kettle Lake",-54.25,13694.5,28.5,59.75
"497",15191,35.173545,-79.089805,54,"North America","Palustrine",166,7241.25,220.5,19.25
"498",15201,39.2949,-105.5383,3079,"North America","Fen",8.5,7719.5,40.75,51
"499",15214,51.668615,-121.454395,1029,"North America","Glacial Origin Lake",47,8135.5,53.25,34.5
"500",15223,32.045915,-95.50621,101,"North America","Floodplain",189.5,7142.25,171,20
"501",15242,41.6355,-87.0945,184,"North America","Bog",99.25,8993.75,139.5,24
"502",15244,41.61499,-86.84671,243,"North America","Bog",96,8938,165.75,21.75
"503",15247,-13.612275,-73.318315,3110,"Latin America","Solution Origin Lake",113,1199.5,14,79
"504",15259,-54.870655,-67.29673,20,"Latin America","Raised Bog",61.5,2607.5,102.75,17
"505",15290,-37.107945,149.137815,750,"Oceania","Valley Mire",111.25,3838.5,161.25,11.5
"506",15292,43.09816,-78.002715,180,"North America","Fen",88,8863.5,136.75,16.75
"507",15302,43.800155,-89.59428,270,"North America","Kettle Lake",80.5,10494.75,75.5,43.5
"508",15306,-52.03714,-71.87614,220,"Latin America","Bog",60.5,3273,107.5,15
"509",15309,46.34668,-84.857625,272,"North America","Kettle Lake",47.25,8912.25,153.5,19.75
"510",15323,56.24278,-130.055465,794,"North America","Fen",20.75,7096,130,45.5
"511",15325,42.5375,-72.1829,358,"North America","Swamp",85,8938.5,296.25,7
"512",15331,-45.68859,-71.837945,640,"Latin America","Fen",61.5,3472.5,149.5,42.25
"513",15350,42.028785,-74.604205,762,"North America","Glacial Scour Lake",69,8734.5,246.25,9.25
"514",15356,35.832,-105.722,3115,"North America","Bog",34.75,7741.75,56,59.5
"515",15366,-7.635095,-77.474705,3285,"Latin America","Moraine Dammed Lake",96,448.75,107.75,49.75
"516",15368,40.49996,-114.031395,1297,"North America","Marsh",128,9799.25,23,32
"517",15394,22.21,-78.635905,0,"Latin America","Natural Lake",255.5,1907.75,92.25,62
"518",15399,61.564,-137.2285,985,"North America","Glacial Origin Lake",-23.5,9947.5,30.75,68.75
"519",15403,47.683805,-95.398395,410,"North America","Kettle Lake",45.75,11666,45.5,58.75
"520",15406,63.56466,-143.91772,503,"North America","Lake Dammed by Alluvial Fans",-20.5,12877.5,28.25,67.5
"521",15413,60.62288,-150.75903,81,"North America","Glacial Meltwater Channel Lake",33.75,7701.5,57,48
"522",15462,50.71505,-57.374385,8,"North America","Solution Origin Lake",30.5,8359,190.5,12.75
"523",15580,44.51785,-116.15215,2255,"North America","Fen",34.75,7626,51.25,41.25
"524",15586,44.9253,-116.0483,1615,"North America","Fen",62.25,7643.25,60.75,38
"525",15588,43.02469,-77.57376,198,"North America","Kettle Lake",88.25,8846.25,164,14
"526",15624,35.35,134.133333333333,970,"Asia","Fen",134,7792.75,293.75,34.5
"527",15627,60.716495,-150.533,78,"North America","Glacial Origin Lake",35.5,7801,50.75,50.5
"528",15633,19.028,-70.924,2455,"Latin America","Small Hollow",122.75,1200.25,160.75,39.75
"529",15646,41.346515,-122.55987,1926,"North America","Natural Lake",49.75,6587.5,36.25,80.75
"530",15649,35.653925,136.13079,300,"Asia","Mire",135.75,7993.25,502.25,25.5
"531",15660,46.520515,-86.35387,278,"North America","Kettle Lake",48,7981.75,162.5,16.5
"532",15667,49.11905,-119.68305,1803,"North America","Bog",20.5,7066.25,89.5,21.5
"533",15678,35.4083333333333,134.566666666667,610,"Asia","Fen",126,7761.75,350,28.25
"534",15680,39.05359,-120.386415,1995,"North America","Glacial Scour Lake",63.75,6729,41.5,78.25
"535",15682,46.833495,-87.92128,258,"North America","Glacial Outburst Flood Lake",45.75,8564.75,115.5,21.75
"536",15709,40.6166666666667,140.9,1080,"Asia","Bog",53.5,8131.75,217.25,31.75
"537",15715,42.558,-120.775,2251,"North America","Moraine Dammed Lake",36.5,7088.5,57.5,33.75
"538",15719,66.662,-61.7878,424,"North America","Glacial Scour Lake",-113,9644.5,80,31.5
"539",15724,64.421,-149.897625,134,"North America","Dune Dammed Lake",-9.75,13406.75,30,71.75
"540",15732,44.351135,-75.87042,75,"North America","Marsh",81.75,9964.25,183.75,10.75
"541",15734,39.700855,-120.664685,1921,"North America","Glacial Scour Lake",68,7037.5,25,80.5
"542",15738,49.66656,-109.90446,1230,"North America","Glacial Meltwater Channel Lake",32.25,9661.25,46.75,48.25
"543",15746,63.66675,-65.1513,264,"North America","Glacial Scour Lake",-101,10946.25,50.25,55.5
"544",15750,30.260065,-87.66485,0,"North America","Natural Lake",206,5559,266.25,25
"545",15766,36.98229,-118.99407,1982,"North America","Glacial Origin Lake",88.5,6892.5,9.25,88.75
"546",15768,45.824085,-123.5793,452,"North America","Tectonic Origin Lake",94.75,4097,113.5,59.5
"547",15776,39.4604,-120.64864,1778,"North America","Glacial Scour Lake",79.5,6908.75,29.5,77.75
"548",15793,46.89451,-67.4,151,"North America","Kettle Lake",49.5,9961.25,196,15.75
"549",15811,63.052,-147.39172,931,"North America","Kettle Lake",-28,11154.25,38,70.75
"550",15814,63.05455,-147.42066,813,"North America","Kettle Lake",-30.5,11137.25,38,74.75
"551",15819,52.50635,-101.62995,640,"North America","Kettle Lake",-1.75,11920,65.75,51.5
"552",15825,30.391,-88.5855,0,"North America","Salt Marsh",204,5756.75,290.25,20
"553",15829,63.397585,-64.261165,170,"North America","Moraine Dammed Lake",-84,9590.75,50.5,59.5
"554",15831,32.572,-83.0795,80,"North America","Palustrine",179.5,6664.25,202,18.75
"555",15864,28.04246,-97.171305,0,"North America","Marsh",222,5237.5,148.5,38
"556",15866,41.038875,-75.263845,277,"North America","Mire",105.25,8712.5,228.5,12
"557",15872,54.47601,-130.944895,33,"North America","Glacial Origin Lake",82.75,4117,321,34.75
"558",15876,36.052,-119.78,55,"North America","Drained Lake",191,6189.25,2,82.75
"559",15904,43.04099,-78.399245,239,"North America","Natural Lake (Origin Unknown)",86,8888.5,181.5,12.5
"560",15909,42.94975,-73.85325,76,"North America","Fluvial",96.5,9341.25,187.75,10
"561",15922,46.23435,-89.28155,544,"North America","Kettle Lake",43.5,9991.75,93.5,36
"562",15925,46.140435,-89.2553,514,"North America","Kettle Lake",45.75,10105,84.25,39.75
"563",15929,43,-78,189,"North America","Spring",85.25,8844.75,135.5,18
"564",15939,25.3527777777778,-81.1144444444444,0,"North America","Mangrove Swamp",244,2964,122.75,59
"565",15970,62.559145,-153.64882,320,"North America","Glacial Scour Lake",-5.75,10914.5,46,63.75
"566",15976,59.79623,-158.53995,142,"North America","Moraine Dammed Lake",2.75,9243.25,90.25,44.5
"567",16016,40.572,-120.26505,1359,"North America","Marsh",105.75,8040,18.5,51.75
"568",16054,40.4115,-121.389935,1829,"North America","Explosion Crater Lake",66,7097.25,32.75,76
"569",16075,41.6496,-122.16715,1537,"North America","Volcanic Origin Lake",75.5,7024.75,29.5,64.75
"570",16081,45.670215,-62.610975,5,"North America","Glacial Scour Lake",66.25,8317.75,243,16
"571",16103,44.9759327777778,-62.09061,9,"North America","Glacial Scour Lake",71.25,7481.5,318.25,12.5
"572",16111,43.06619,-111.43795,1195,"North America","Tectonic Origin Lake",57,8704.75,74.75,19
"573",16124,43.468275,-79.94872,278,"North America","Natural Lake",80,9268,177,11
"574",16127,43.44083,-79.95551,256,"North America","Artificial Lake",81.25,9264.25,172,11
"575",16129,42.78895,-88.8432,302,"North America","Bog",89,10174.75,93.75,36
"576",16131,41.7847,-115.48365,2424,"North America","Soligenous Mire",43.75,8470,41.75,34.75
"577",16133,41.13395,-115.5049,1818,"North America","Marsh",95.75,9018.5,26.25,31.25
"578",16175,41.40935,-74.551335,256,"North America","Lacustrine",103.25,8773,206.25,11.5
"579",16179,41.47025,-74.5244,230,"North America","Bog",104.5,8804.25,192.75,12
"580",16205,54.05003,-9.09887,21,"Europe","Natural Lake",101.5,3141.25,237.75,23.5
"581",16207,52.007785,-9.568705,340,"Europe","Soil",102.75,2930.25,238.25,30
"582",16212,41.999095,-2.84734,1760,"Europe","Cirque Lake",49.75,5528.75,115,24
"583",16214,41.965045,-2.81179,1600,"Europe","Mire",72.75,5620.25,95.75,22.5
"584",16219,53.401455,-7.67723,80,"Europe","Natural Lake",97.75,3728,185.25,16.25
"585",16222,37.84682,-107.23536,3413,"North America","Glacial Origin Lake",3.25,7579,89,34
"586",16224,40.277895,-105.66917,3320,"North America","Cirque Lake",-22,7498.75,100.25,27
"587",16236,68.65421,-149.681235,668,"North America","Glacial Origin Lake",-97.5,14161.75,15,92.75
"588",16238,68.4988,-157.0301,505,"North America","Glacial Origin Lake",-101.75,14249.75,19.75,88.75
"589",16241,68.6314444444444,-149.416925,805,"North America","Glacial Origin Lake",-103.5,14039.75,16,83.5
"590",17285,27.075,-82.2333333333333,6,"North America","Sinkhole",229.75,3827.75,143.5,60
"591",17296,42.32129,-113.64955,2519,"North America","Cirque Lake",30,8863.5,70,25.75
"592",17300,43.5581,-112.6283,1596,"North America","Cave",78.5,9249.75,43.75,35.5
"593",17304,45.519575,-89.55507,460,"North America","Kettle Lake",56,10409.5,70,46
"594",17320,58.7722944444444,-155.945095,223,"North America","Glacial Origin Lake",15.75,7570,74.5,47.25
"595",17322,60.62601,-154.303475,579,"North America","Glacial Origin Lake",-5.75,8545.75,67.5,46
"596",17324,68.66619,-149.358787222222,875,"North America","Bog",-104,14030.5,16.5,91.25
"597",17326,70.2922222222223,-151.166805555555,745,"North America","Glacial Scour Lake",-101,12237,10,73
"598",17328,66.029335,-147.55331,242,"North America","Glacial Origin Lake",-36,14733.25,24.75,60.75
"599",17334,53.007345,-6.348035,130,"Europe","Natural Lake",88.5,3519.5,165.75,22
"600",17336,52.37242,-8.151665,476,"Europe","Cirque Lake",75.5,3483,229.75,18.75
"601",17338,66.12399,-151.391555,213,"North America","Meteorite Impact Crater",-36,13719.25,32.5,56.25
"602",17342,52.0025,-9.5425,32,"Europe","Natural Lake",104.5,2935.25,272,28
"603",17352,63.6589,-148.80525,615,"North America","Moraine Dammed Lake",-22.5,12074.75,26,66.5
"604",17359,63.888645,-149.2518,648,"North America","Glacial Origin Lake",-30.75,12363,33,71
"605",17368,-54.3333333333333,-67.75,100,"Latin America","Bog",61,2912.75,70.75,17.75
"606",17371,-54.7166666666667,-67.8333333333333,550,"Latin America","Bog",39,2894.25,84.75,14.5
"607",17385,62.842885,-148.24701,546,"North America","Glacial Origin Lake",-15,11154.5,30.5,61.25
"608",17387,44.919595,-88.15694,412,"North America","Kettle Lake",71.5,9698,86,36
"609",17391,63.44847,-162.10838,7,"North America","Explosion Crater Lake",-15.75,10076,57.5,56.5
"610",17396,46.973155,-94.68138,415,"North America","Glacial Origin Lake",50.25,11471.75,49.75,56
"611",17400,69.080765,-121.42854,775,"North America","Glacial Origin Lake",-137.5,14023.75,19,78.75
"612",17402,60.216475,-159.76567,572,"North America","Moraine Dammed Lake",-29,9432.5,78.5,59.25
"613",17404,46.144685,-86.48299,437,"North America","Kettle Lake",56,8368,122,24.5
"614",17406,46.61506,-88.86036,437,"North America","Kettle Lake",43,9420.5,130.75,29.25
"615",17419,37.021745,-106.45052,3100,"North America","Bog",27,7955.5,112.75,24.5
"616",17672,43.95,-79.43,304,"North America","Lacustrine",73.75,9472,156.5,13.25
"617",17689,43.26191,-80.2592416666666,255,"North America","Kettle Lake",83,9160,170,10
"618",17873,-41.75184,-71.4288,995,"Latin America","Fen",72.25,4041.75,120.75,63
"619",17880,42.82814,-72.4211,350,"North America","Bog",88.75,9153.75,211.75,8.5
"620",17945,56.81157,-132.93624,20,"North America","Palustrine",64.25,6150.5,305.25,36
"621",17947,46.994015,-94.694575,408,"North America","Glacial Scour Lake",51,11479.25,47.25,56
"622",18100,10.183485,-67.737365,410,"Latin America","Tectonic Origin Lake",250,508,20,71
"623",18104,-36.85805,-71.048505,1450,"Latin America","Fen",71.5,5043.25,23,87
"624",18108,49.496405,-116.905,2074,"North America","Cirque Lake",-0.5,7818,137.75,32.75
"625",18110,43.87196,-64.928795,10,"North America","Glacial Origin Lake",76.75,7216,266.5,15.75
"626",18123,-48.918535,-71.22544,276,"Latin America","Tectonic Origin Lake",83,4565.5,21,28
"627",19264,63.6410116666667,-171.45401,1,"North America","Palustrine",-29,7848.75,50,37
"628",19266,63.656005,-171.553815,1,"North America","Palustrine",-29,7863,52,36
"629",19323,66.34784,-104.945735,234,"North America","Glacial Scour Lake",-123,15573.5,15,75.75
"630",19358,48.65899,-121.04095,1100,"North America","Glacial Origin Lake",53.5,6362,103.75,61
"631",19620,27.58613,-81.503395,32,"North America","Solution Origin Lake",222,3923,137.75,54.25
"632",19814,68.829105,-138.74449,163,"North America","Glacial Origin Lake",-90.5,14386,16.25,79.5
"633",19820,48.6051,-122.90145,88,"North America","Lake Marginal Fen",104,4782.75,85.25,49.25
"634",19834,43.6774,-94.698115,382,"North America","Kettle Lake",77,11183,51.5,54
"635",19901,52.14453,14.452855,52,"Europe","Glacial Meltwater Channel Lake",93.25,6825.25,102.75,22
"636",19906,62.324285,13.557865,715,"Europe","Glacial Origin Lake",13,7470.75,71.5,44.25
"637",19909,61.82125,16.40472,235,"Europe","Natural Lake",41,7742.75,87.5,35
"638",19913,63.883333,14.45,387,"Europe","Lacustrine",27.75,7623.5,118.25,27
"639",19937,41.75738,-86.52208,242,"North America","Kettle Lake",97,8934.5,157.5,19
"640",19993,49.49136,-117.645195,1515,"North America","Glacial Scour Lake",33.25,7998,103,39
"641",19995,53.64545,-121.50548,893,"North America","Drift Filled Valley Lake",35.5,8352.75,110,18.5
"642",19997,48.00985,-124.530695,58,"North America","Moss Polster",107.5,3568.5,156,57.5
"643",20001,47.936655,-122.880815,54,"North America","Kettle Lake",112.25,4834.5,59.5,55
"644",20012,68.133333,13.583333,10,"Europe","Bog",59,4242.75,166,37.75
"645",20014,47.905425,-122.87486,60,"North America","Swamp",111,4841.75,63.25,56.75
"646",20018,62.331455,10.398245,1115,"Europe","Lacustrine",-3,7051.75,59.5,51.75
"647",20022,45.716667,24.383333,400,"Europe","Fluvial",99.5,8049,97.25,39
"648",20024,45.716667,24.383333,400,"Europe","Fluvial",99.5,8049,97.25,39
"649",20034,69.166667,20.716667,355,"Europe","Glacial Origin Lake",-13.5,8549,48.5,32.75
"650",20042,60.716667,7,810,"Europe","Glacial Origin Lake",17,6678.25,135,33.25
"651",20046,61.416667,8.666667,1309,"Europe","Glacial Origin Lake",-23.25,7028.75,87.5,31.75
"652",20050,59.816667,6,570,"Europe","Glacial Origin Lake",47,5751.75,315,29.25
"653",20060,59.28386,5.49362,128,"Europe","Glacial Origin Lake",73,4966.5,258.25,31.25
"654",20131,52.770485,6.62753,15,"Europe","Glacial Meltwater Channel Lake",97,5473.5,159.25,16
"655",20188,57.17824,-170.24827,37,"North America","Volcanic Origin Lake",24.25,4243.25,98.25,33.75
"656",20194,48.60712,-103.62399,605,"North America","Kettle Lake",51,11382,27.5,66.25
"657",20223,50.129444,13.929722,478,"Europe","Valley Mire",78.5,6920.75,70.5,41.25
"658",20279,71.074485,25.36871,41,"Europe","Glacial Origin Lake",22.5,5287.5,103.75,18.25
"659",20281,60.812585,-135.341245,760,"North America","Glacial Origin Lake",1,9702.25,19.5,46
"660",20285,71.038055,28.169065,78,"Europe","Glacial Origin Lake",14.25,5710.75,111.75,17.25
"661",20287,60.516075,-133.209055,1000,"North America","Glacial Origin Lake",-6.5,9746.25,30.5,53.25
"662",20293,70.69954,29.295155,51,"Europe","Glacial Origin Lake",8.25,6885,95.5,22.5
"663",20295,60.445535,-133.561605,866,"North America","Kettle Lake",-0.5,9645.5,23.25,40.5
"664",20298,58.47145,-4.68544,25,"Europe","Solution Origin Lake",86.75,2999.75,192.25,28
"665",20304,37.611035,-106.843695,3516,"North America","Moraine Dammed Lake",1.5,7601.25,81,30.5
"666",20306,45.262475,-110.816305,1598,"North America","Glacial Scour Lake",63.5,8471.25,48.25,36
"667",20308,44.95611,-110.60071,2012,"North America","Kettle Lake",41.25,8280,47,31
"668",20372,60.787275,-150.83147,100,"North America","Poor Fen",33.5,7894.75,54,52.5
"669",20515,41.098185,-74.63963,170,"North America","Solution Origin Lake",110.5,8717.25,243,11
"670",20609,52.11139,-119.300965,677,"North America","Kettle Lake",58.75,8799,133.25,24.75
"671",20613,42.41874,-111.77765,2500,"North America","Cirque Lake",81.25,9057.75,51.5,17.5
"672",20616,39.765005,-107.345825,3255,"North America","Glacial Origin Lake",-1,8034.5,96.75,10.25
"673",20647,69.9,-95.07,125,"North America","Glacial Origin Lake",-152.5,15571.75,16,54.5
"674",20649,71.344,-113.78145,299,"North America","Natural Lake",-138.5,14606.5,9,90.5
"675",20651,61.0195,-138.088,1326,"North America","Cirque Lake",-42,8714.25,45.25,39.25
"676",20833,36.047665,-106.510525,2925,"North America","Fen",50.25,8069.25,65.75,45
"677",20838,38.07438,-111.57115,3226,"North America","Kettle Lake",22.25,8511.25,55,38.5
"678",20883,46.51655,-114.683705,1109,"North America","Soligenous Mire",80.75,7699.25,74.5,35
"679",20922,41.37778,-106.255405,3282,"North America","Kettle Lake",-9.25,8098.75,68.5,23.5
"680",21314,60.530125,-145.45421,42,"North America","Raised Bog",42.5,6714.75,408.75,33
"681",21319,48.710435,-65.41279,465,"North America","Glacial Origin Lake",17,9641,180.5,15.25
"682",21389,48.938595,-64.59709,145,"North America","Glacial Origin Lake",32,9250.75,231.75,15.5
"683",21418,39.25318,-117.1655,2400,"North America","Valley Mire",69.75,8582,48,17.5
"684",21726,9.12361111111111,-74.5625,20,"Latin America","Floodplain",270,394,54,61
"685",21770,53.5316666666667,-132.973333333333,230,"North America","Glacial Origin Lake",77.75,3295.75,298.25,40.75
"686",21772,50.60705,-127.26283,70,"North America","Natural Lake",94,4148.5,191,49.75
"687",21790,60.65189,14.92652,232,"Europe","Glacial Origin Lake",45.5,7753.25,82.5,33
"688",21807,16.96397,-89.84187,110,"Latin America","Solution Origin Lake",250,1631.75,115.5,53.5
"689",22316,50.588611,16.1175,696,"Europe","Bog",60.25,7026,164.25,28
"690",22322,50.585,16.131667,715,"Europe","Bog",59,7020,163.25,27.75
"691",22330,41.6838888888889,42.4969444444444,2000,"Asia","Fen",37.25,7744,255.5,18.5
"692",22344,49.15316,13.326545,870,"Europe","Raised Bog",59.75,6877.5,188.5,16.75
"693",22348,48.86844,13.879125,737,"Europe","Raised Bog",71,6987.75,154.5,24.5
"694",22367,49.15343,20.07971,1513,"Europe","Moraine Dammed Lake",9.5,7166.25,174.75,29
"695",22400,39.65822,-105.603265,3230,"North America","Moraine Dammed Lake",-2.5,7568,73.75,32.75
"696",22636,54.266667,22.816667,229,"Europe","Lacustrine",66,7623.25,86.25,31
"697",22638,41.233333,-0.166667,150,"Europe","Lacustrine",165.25,6340,58,28
"698",22640,57.319167,-7.284722,20,"Europe","Unknown",94,2745,196.75,26.5
"699",22650,49.516667,19.283333,850,"Europe","Soligenous Mire",39.5,7139.5,197.75,31
"700",22656,49.44778,19.559405,620,"Europe","Soligenous Mire",66.5,7338.5,134,31
"701",22658,53.615,8.736944,10,"Europe","Mire",93.5,5670.75,152,20
"702",22660,46.776111,10.277778,1551,"Europe","Mire",39.75,6583.5,90.75,42
"703",22662,44.18993,7.73297,1760,"Europe","Bog",39.75,6017.75,166,25.75
"704",22669,53.437265,8.86781,17,"Europe","Mire",94,5748,149.5,18
"705",22672,44.185975,7.717165,1920,"Europe","Bog",23,5958.75,192.5,27
"706",22678,42.04363,-3.04588,1870,"Europe","Lacustrine",54.25,5520.25,112,24.5
"707",22683,44.233333,7.133333,2240,"Europe","Bog",10,6155.5,236.75,20
"708",22687,52.313611,12.913611,36,"Europe","Kettle Lake",96,6636.75,98.75,20.5
"709",22689,52.524444,13.056389,32,"Europe","Bog",94.75,6632.25,106,22
"710",22709,57.6225,-6.277778,163,"Europe","Open-water Transition Mire",82.75,2973.75,220.25,25
"711",22711,57.558889,-5.343611,92,"Europe","Natural Lake (Origin Unknown)",84.5,3478,242.25,30.75
"712",22723,57.25,-5.833333,30,"Europe","Open-water Transition Mire",91.75,3303.75,279.75,29
"713",22732,45.68554,7.69021,820,"Europe","Natural Lake",95,6956,158,15
"714",22751,42.63045,26.780139,137,"Europe","Mire",127,7805.5,86.75,21.25
"715",22757,48.775602,13.865165,1105,"Europe","Moraine Dammed Lake",46.5,6871.5,202,23.5
"716",22759,52.58302,19.34039,64,"Europe","Lacustrine",85.25,7337.5,75,39
"717",22773,47.171389,9.381111,1320,"Europe","Bog",52.25,6435.5,277,25.5
"718",22786,46.445,8.518333,1936,"Europe","Valley Mire",22.75,6454,286.5,30.75
"719",22788,51.996389,14.198889,49,"Europe","Lacustrine",96,6815,101,22
"720",22791,47.933333,8.066667,986,"Europe","Raised Bog",65,6253.75,348.25,10.5
"721",22795,46.211667,8.113333,1724,"Europe","Valley Mire",38,6581,171.5,33.5
"722",22797,46.231111,8.011389,1885,"Europe","Valley Mire",24.75,6523,172.75,19.75
"723",22801,53.25,13.85,10,"Europe","Mire",91,6591.25,87.25,23.5
"724",22803,44.173835,10.81804,1307,"Europe","Mire",71.25,6714,169.75,22
"725",22807,46.230833,7.590278,2330,"Europe","Valley Mire",36,6556.75,168.75,13.75
"726",22812,46.13212,25.903615,1050,"Europe","Volcanic Origin Lake",52.5,8048.75,85.25,52.25
"727",22814,46.13212,25.903615,1050,"Europe","Volcanic Origin Lake",52.5,8048.75,85.25,52.25
"728",22820,53.433333,11.85,43,"Europe","Lacustrine",89.5,6275.75,115.25,20
"729",22826,45.543365,22.8058005,480,"Europe","Bog",95.5,7956,91.5,37.5
"730",22828,47.810135,23.52941,730,"Europe","Bog",55.25,7792,193.25,26.25
"731",22835,53.71617,17.77116,115,"Europe","Lacustrine",78.25,6946.5,86,31.25
"732",22842,46.359722,7.198611,1686,"Europe","Valley Mire",37.25,6464.75,277.75,12
"733",22845,54.72321,18.10602,5,"Europe","Fen",83.75,6462.5,83.25,29.75
"734",22847,54.70555,18.16208,40,"Europe","Fen",79.75,6451.5,95.5,30
"735",22851,53.85885,14.61586,5,"Europe","Fen",88.75,6444.25,93.75,22
"736",22880,45.86415,7.789925,2304,"Europe","Unknown",-7.75,6502.5,138,27.25
"737",22890,46.850833,7.686111,900,"Europe","Raised Bog",75.75,6466.75,234.5,29.5
"738",22894,47.8079,23.540305,790,"Europe","Mire",54,7784.5,197.75,24.75
"739",22896,45.18,22.059444,1400,"Europe","Mire",44.25,7601.25,181.25,36.75
"740",22904,46.01738,11.041665,1550,"Europe","Bog",45,6764.75,198.25,26.75
"741",22908,45.05339,7.391,356,"Europe","Lacustrine",123.25,7056.5,103.25,30.5
"742",22910,47.215833,17.255,134,"Europe","Bog",110,7700.25,105,27
"743",22923,43.19554,27.82777,0,"Europe","Tectonic Origin Lake",131,7685.5,94.5,15.75
"744",22938,46.785278,17.155,188,"Europe","Bog",109.5,7656.75,108,27
"745",22942,53.752645,20.20645,105,"Europe","Glacial Origin Lake",77,7275.25,87,34
"746",22944,53.752645,20.20645,105,"Europe","Glacial Origin Lake",77,7275.25,87,34
"747",22958,50.38469,10.38791,384,"Europe","Palustrine",83,6493.75,145,17
"748",22960,46.6798,7.97638,1940,"Europe","Natural Lake",20.5,6341.75,315.5,27
"749",22962,46.821944,7.735,980,"Europe","Raised Bog",74.5,6475.25,235,25.5
"750",22966,46.821944,7.735,980,"Europe","Raised Bog",74.5,6475.25,235,25.5
"751",22969,41.499845,-106.367885,2700,"North America","Kettle Lake",23.75,8450.25,70,22.75
"752",22976,42.987535,10.89235,160,"Europe","Lacustrine",151.25,6113.75,88.75,32.75
"753",22978,42.987535,10.89235,160,"Europe","Lacustrine",151.25,6113.75,88.75,32.75
"754",22980,43.671255,28.5472,4,"Europe","Lacustrine",128.25,7528.5,85.25,14
"755",22988,46.6694444,8.020833,2265,"Europe","Glacial Origin Lake",-1.25,6270,360.75,15.5
"756",23004,51.19139,28.01373,8,"Europe","Bog",75,8495.25,99,38
"757",24032,41.983333,24.333333,1356,"Europe","Swamp",65,7558.75,174.5,18.5
"758",24042,49.60793,12.54137,497,"Europe","Fen",78.75,6881.5,145.5,19.5
"759",24050,46.834722,7.356389,799,"Europe","Raised Bog",85.5,6479,198.5,27.75
"760",24053,46.644705,11.49194,1780,"Europe","Raised Bog",32.25,6712.5,86.25,37.5
"761",24055,46.63801,11.457905,2080,"Europe","Valley Mire",14.75,6645,113.25,38
"762",24061,46.666111,11.458333,2050,"Europe","Raised Bog",13.5,6637.75,128.25,37.5
"763",24078,50.8919,14.276375,460,"Europe","Bog",78,6848.75,178,17.75
"764",24080,46.4701,10.3364,1730,"Europe","Raised Bog",31.5,6609.75,115,26.5
"765",24084,49.14483,14.704255,409,"Europe","Lacustrine",88,7110,92,39.25
"766",24089,50.542775,13.537045,231,"Europe","Drained Lake",93.25,6892,124.75,19
"767",24091,46.76006,11.68051,870,"Europe","Mire",80.25,6900.75,77.75,39.5
"768",24097,48.97805,17.200255,192,"Europe","Drained Lake",99.75,7462,85,32.5
"769",24106,40.766667,20.783333,818,"Europe","Lacustrine",113,7088.75,74,36.5
"770",24110,58.02114,16.05602,117,"Europe","Raised Bog",65.75,6702.5,89.5,24
"771",24116,50.604115,16.127155,583,"Europe","Bog",66.75,7056.75,123.5,30.25
"772",24118,48.95367,12.85801,870,"Europe","Bog",63,6854.25,233.5,19
"773",24155,68.68811,22.05346,526,"Europe","Natural Lake",-14.75,8837.75,56.75,51.5
"774",24159,40.78002,32.02629,987,"Asia","Palustrine",97,7220.75,78.25,31
"775",24181,50.7624,15.552305,1199,"Europe","Cirque Lake",27.25,6785,238.5,18
"776",24190,46.2525,8.023056,2026,"Europe","Glacial Origin Lake",18.75,6495.25,197,19.5
"777",24195,46.283056,7.844167,1538,"Europe","Valley Mire",49.75,6600.25,151,12.25
"778",24197,36.81825,8.77474,780,"Africa","Marsh",142.75,5590.25,33.25,63
"779",24207,36.5975,8.394722,1203,"Africa","Palustrine",123.25,5793.25,35.75,56.5
"780",24227,50.216085,14.831425,184,"Europe","Dune Dammed Lake",94,7064.5,88,32.5
"781",24236,50.25933,14.573625,164,"Europe","Fluvial Origin Lake",95,7040,78.5,37
"782",24277,49.729722,12.3875,685,"Europe","Fen",63.75,6780.5,198.25,15.75
"783",24279,49.392,12.4515,481,"Europe","Fen",81.25,6897.75,153.75,19.75
"784",24286,46.9365,7.473,554,"Europe","Valley Mire",99.5,6505.75,172,21
"785",24298,46.633333,7.3925,952,"Europe","Mire",75.5,6526,220.25,14
"786",24302,46.389722,8.025556,2017,"Europe","Valley Mire",25.25,6470.5,222.5,14
"787",24303,46.389722,8.025556,2017,"Europe","Valley Mire",25.25,6470.5,222.5,14
"788",24312,46.371944,7.990556,1654,"Europe","Valley Mire",30.25,6495.25,182.25,17.5
"789",24317,46.195556,7.845,1725,"Europe","Open-water Transition Mire",34.5,6574.25,138.5,15
"790",24319,46.195556,7.845,1725,"Europe","Open-water Transition Mire",34.5,6574.25,138.5,15
"791",24321,46.341111,7.991667,1089,"Europe","Valley Mire",71.5,6665.75,142.5,17.25
"792",24330,47.39,-0.546388888888889,20,"Europe","Riverine",120.75,5152.5,124.75,14.25
"793",24348,42.5541666666667,2.00833333333333,2000,"Europe","Mire",34.25,5820.75,123,15.75
"794",24373,39.0585,22.24997,500,"Europe","Unknown",140,7016.5,45.5,46
"795",24390,38.866667,20.833333,0,"Europe","Lacustrine",174.5,6301.75,26.75,69.5
"796",24410,44.5666666666667,3.125,1340,"Europe","Bog",64,5902,228.5,15
"797",24412,44.7472222222222,3.085,1215,"Europe","Bog",72,5921.25,258,11
"798",24414,44.7444444444444,3.08111111111111,1196,"Europe","Bog",71.75,5919.75,255.75,11.25
"799",24467,49.1833333333333,3.13333333333333,105,"Europe","Marsh",109.5,5477.75,125,12.75
"800",24481,46.9636111111111,-0.919166666666667,125,"Europe","Riverine",116,5010,143.75,19.5
"801",24493,47.2138888888889,-1.55722222222222,13,"Europe","Riverine",123,4740.5,123.75,26
"802",24507,47.8586111111111,1.69972222222222,100,"Europe","Riverine",115.75,5565.25,135,11
"803",24534,47.0922222222222,0.480555555555556,39,"Europe","Bog",122,5415,125,12.25
"804",24547,47.8708333333333,1.15083333333333,87,"Europe","Riverine",114.5,5472.25,129.75,11.5
"805",24551,47.3377777777778,0.451111111111111,38,"Europe","Riverine",120.25,5398,124,15.5
"806",24553,47.3266666666667,0.475277777777778,42,"Europe","Riverine",120,5402,142,10.75
"807",24563,47.4047222222222,0.642222222222222,55,"Europe","Riverine",119.25,5431.25,133.5,14.75
"808",24570,47.4025,0.648333333333333,46,"Europe","Riverine",119.75,5433.75,134.25,14.75
"809",24572,47.4866666666667,0.674166666666667,66,"Europe","Riverine",117.5,5429.25,136.75,13.5
"810",24574,47.4866666666667,0.674166666666667,66,"Europe","Riverine",117.5,5429.25,136.75,13.5
"811",24578,47.4133333333333,0.638055555555556,53,"Europe","Riverine",119,5429.5,135,14.25
"812",24593,47.9694444444444,-0.416388888888889,58,"Europe","Marsh",116,5125.25,134.25,18.75
"813",24620,46.0897222222222,-0.775277777777778,16,"Europe","Bog",128,5018.5,131.25,26.75
"814",24622,46.0897222222222,-0.775277777777778,16,"Europe","Bog",128,5018.5,131.25,26.75
"815",24635,46.5497222222222,-1.76472222222222,3,"Europe","Riverine",129.75,4480.75,126.5,28
"816",24639,46.6627777777778,-1.89222222222222,1,"Europe","Riverine",129.5,4423.75,123.5,29
"817",24645,47.3825,-1.165,5,"Europe","Marsh",122,4927.5,119.75,21.5
"818",24673,47.3866666666667,-1.07,8,"Europe","Riverine",122,4967.5,121.5,20.5
"819",24840,47.2722222222222,-1.59583333333333,7,"Europe","Bog",121,4723.75,127.75,25.75
"820",24852,47.3805555555556,-1.12333333333333,6,"Europe","Marsh",122,4944.75,122,21
"821",24859,47.3555555555556,-1.29361111111111,17,"Europe","Marsh",120.5,4869.5,121.25,23.5
"822",24861,47.4136111111111,-0.860555555555556,19,"Europe","Marsh",120.75,5049,119.5,21
"823",24863,47.2216666666667,-0.095833333333333,28,"Europe","Marsh",120.75,5278.25,121,15.25
"824",24865,47.4297222222222,-1.49444444444444,5,"Europe","Bog",122.5,4783.5,122,24
"825",24867,47.4027777777778,-1.50277777777778,4,"Europe","Marsh",123,4778.25,122.25,23
"826",24869,47.3580555555556,-1.47861111111111,4,"Europe","Marsh",122.75,4788.5,127.25,22.75
"827",24871,47.3105555555556,-1.53416666666667,5,"Europe","Bog",123,4759.75,120,24
"828",24902,46.9375,1.89138888888889,148,"Europe","Marsh",119.25,5659.5,152.75,10.25
"829",24956,45.8930555555556,6.76833333333333,1225,"Europe","Bog",60,6616.75,245.75,11.25
"830",24966,50.8336111111111,2.21333333333333,2,"Europe","Marsh",108,4767.25,150,18.5
"831",24996,45.0561111111111,5.88527777777778,1560,"Europe","Lacustrine",66,6509.75,293.75,7.25
"832",25003,47.4116666666667,1.60888888888889,115,"Europe","Bog",118,5601.25,149.75,12
"833",25027,49.1166666666667,-0.215,20,"Europe","Marsh",115,4421.25,137.75,15
"834",25163,44.9166666666667,3.78333333333333,1200,"Europe","Volcanic Origin Lake",69.25,6043.25,190,19.5
"835",25213,44.9602777777778,2.71888888888889,1100,"Europe","Bog",75.25,5836.5,263.5,18.5
"836",25285,45.7908333333333,5.28333333333333,227,"Europe","Bog",125.75,6424,231.5,10.75
"837",25318,47.2275,4.03527777777778,515,"Europe","Bog",93.25,5930,223.5,13
"838",25320,47.0119444444444,4.05,771,"Europe","Bog",79.5,5901.25,267.25,12.75
"839",25344,47.2033333333333,4.04861111111111,585,"Europe","Mire",91,5925.75,245.25,13.5
"840",25370,47.3177777777778,4.12277777777778,565,"Europe","Bog",90.75,5923,221.5,11.5
"841",25372,47.2619444444444,4.07916666666667,595,"Europe","Bog",88.75,5917,262.75,14.75
"842",25400,45.8566666666667,6.17222222222222,447,"Europe","Lacustrine",113,6634.5,193.25,8.75
"843",25406,49.1836111111111,-0.168055555555556,2,"Europe","Marsh",116,4385.75,136.75,17
"844",25410,49.2333333333333,-0.166666666666667,2,"Europe","Marsh",115.75,4338.25,136.25,17
"845",25455,44.45,3.6,1370,"Europe","Lacustrine",64,5950.75,244,21.25
"846",25472,45.0688888888889,5.80666666666667,1130,"Europe","Bog",89.5,6572.5,282.5,8.25
"847",25477,45.0736111111111,5.85638888888889,1170,"Europe","Lacustrine",77,6542.25,245.25,9.5
"848",25763,47.023985,11.803665,1880,"Europe","Mire",9.5,6625.25,122.5,43.25
"849",25765,46.99602,11.14069,2285,"Europe","Mire",-2.75,6503.25,124.5,34.25
"850",25769,47.023325,11.801845,1875,"Europe","Mire",9.5,6625.25,122.5,43.25
"851",25773,47.47273,12.35677,820,"Europe","Raised Bog",77.5,6883,168.5,36.25
"852",25786,17.94154,-88.36192,8,"Latin America","Swamp",261.75,1349.5,110.5,52
"853",25837,47.243056,12.138889,1590,"Europe","Raised Bog",34.25,6728.5,148.5,39
"854",25841,46.95,11.018056,1435,"Europe","Mire",40.25,6647,101.5,31.5
"855",25845,46.847555,11.01477,2260,"Europe","Mire",1,6522,122,32
"856",26319,47.21091,11.00155,1915,"Europe","Raised Bog",11.5,6501,193.5,34.5
"857",26431,47.8042,13.27474,663,"Europe","Lacustrine",79.5,6978.75,213.25,35.5
"858",26435,47.61312,12.17047,549,"Europe","Natural Lake",90.25,6884.5,203.25,30.25
"859",26442,47.511111,12.090278,512,"Europe","Glacial Origin Lake",93.75,6903,204.75,31.75
"860",26448,46.87,10.478333,1725,"Europe","Mire",27.75,6545.25,112.75,43
"861",26499,46.846735,11.01668,2600,"Europe","Mire",1,6522,122,32
"862",26505,47.508805,12.04266,640,"Europe","Mire",87,6871.5,213,25.25
"863",26510,47.65848,12.301005,664,"Europe","Raised Bog",81,6859.5,274.75,27
"864",26512,47.65848,12.301005,664,"Europe","Raised Bog",81,6859.5,274.75,27
"865",26514,47.65848,12.301005,664,"Europe","Raised Bog",81,6859.5,274.75,27
"866",26518,47.65848,12.301005,664,"Europe","Raised Bog",81,6859.5,274.75,27
"867",26565,68.246555,65.79111,150,"Asia","Lacustrine",-68.25,11940.25,73,37.5
"868",26608,40.931235,15.605185,656,"Europe","Fen",122.5,6314.5,105.5,25
"869",26632,47.01867,6.99669,432,"Europe","Natural Lake",104.75,6431.25,220.75,10.25
"870",29236,46.566667,6.173611,1040,"Europe","Bog",69.5,6262.25,283.25,10.75
"871",30184,48.802645,87.07225,1365,"Asia","Moraine Dammed Lake",-40.25,10964.5,32,67
"872",32426,-41.451255,145.961595,1065,"Oceania","Cirque Lake",64.75,2974.75,277,35.75
"873",34553,-41.660615,145.961125,934,"Oceania","Glacial Origin Lake",68.5,3009.75,276.5,31.25
"874",34557,-20.405495,57.518485,560,"Africa","Caldera Lake",215,1760.75,246,49
"875",39474,46.31848,-69.06141,340,"North America","Glacial Scour Lake",45.75,9960.5,169.75,21.5
"876",40111,34.16759,-80.77616,90,"North America","Lacustrine",169.25,7117.25,223,19.75
"877",40168,40.216667,-84.689444,309,"North America","Fen",109,9185.5,157,21
"878",40317,46.23376,7.33926,640,"Europe","Open-water Transition Mire",99.5,6770.25,134.25,15
"879",40448,46.81088,10.26429,2215,"Europe","Valley Mire",13,6481,113.25,28.5
"880",40450,47.01867,6.99669,432,"Europe","Natural Lake",104.75,6431.25,220.75,10.25
"881",40452,47.240556,7.05,1005,"Europe","Bog",69.5,6242.5,315.75,12
"882",40564,47.61335,8.83094,444,"Europe","Mire",99.5,6484.5,190.75,19.25
"883",40566,47.61335,8.83094,444,"Europe","Mire",99.5,6484.5,190.75,19.25
"884",40567,47.61335,8.83094,444,"Europe","Mire",99.5,6484.5,190.75,19.25
"885",40572,47.075556,8.325556,419,"Europe","Glacial Origin Lake",103.75,6531.25,262.75,28
"886",40574,47.075556,8.325556,419,"Europe","Glacial Origin Lake",103.75,6531.25,262.75,28
"887",40582,46.389722,8.025556,2017,"Europe","Valley Mire",25.25,6470.5,222.5,14
"888",40627,46.645833,7.543333,989,"Europe","Raised Bog",78.5,6545.75,201,28
"889",40634,46.428333,7.403056,1885,"Europe","Fen",26.5,6429.5,231.5,17.5
"890",40642,46.311667,7.479167,1506,"Europe","Natural Lake",51.25,6576,185.75,18
"891",40791,42.377775,-73.09478,499,"North America","Natural Lake",79.5,8841,250.5,8
"892",40793,42.62006,-71.086805,39,"North America","Natural Lake",98,8395.5,261,7.75
"893",40795,41.327855,-70.792695,11,"North America","Natural Lake",106.75,7000.75,234.25,11
"894",40797,41.472,-70.76567,5,"North America","Kettle Lake",105.25,7086.75,224.75,12.75
"895",40799,42.08019,-71.96105,212,"North America","Natural Lake",96.5,8614.75,296.25,7
"896",40803,41.564035,-70.63573,18,"North America","Natural Lake",103,7023.75,236.25,13
"897",40844,41.88215,-71.012,4,"North America","Natural Lake",104.5,7713,247,9.5
"898",40854,42.17535,-72.7018,77,"North America","Natural Lake",104.75,8914.5,241.25,8
"899",40861,42.56705,-72.5108,80,"North America","Natural Lake",99.25,9105.75,274,7
"900",40875,42.10864,-73.4372,624,"North America","Natural Lake",75.25,8708.75,268.5,10
"901",40914,44.36035,-72.37295,378,"North America","Natural Lake",64,9662.5,172,17.25
"902",40949,47.74371,8.90281,407,"Europe","Fen",101.25,6496,144.5,23.5
"903",40951,47.8056665,8.20015,1000,"Europe","Raised Bog",64.5,6271.5,326.75,12
"904",40958,47.775,8.9788,432,"Europe","Fen",98.75,6494.5,179.25,20.75
"905",40988,42.67595,-72.19285,301,"North America","Natural Lake",86.25,9034.75,256,8
"906",40992,43.2917,-71.1781,253,"North America","Natural Lake",79.25,9004.75,297,9
"907",40997,53.954722,108.913611,465,"Asia","Lacustrine",-11,12979.5,10,75.75
"908",40999,47.76786,8.92963,413,"Europe","Lacustrine",101,6499.75,151.75,21.5
"909",41001,40.886,-72.5783,2,"North America","Natural Lake",116.25,7713,228,13.5
"910",41016,41.306,-73.4495,140,"North America","Natural Lake",109.25,8535.75,243.5,9
"911",41018,41.43305,-70.66464,15,"North America","Natural Lake",103.75,6968.25,223,14.5
"912",41025,42.48245,-70.88225,3,"North America","Natural Lake",98.75,7979.75,254.5,7.5
"913",41027,41.8545,-73.2566,392,"North America","Natural Lake",90,8684.25,269,9
"914",41030,37.9902611111111,-122.789613888889,167,"North America","Fen",134.25,2970.75,9.25,90.25
"915",41098,65.2891,126.769945,340,"Asia","Glacial Origin Lake",-107,19241.25,24.75,59.75
"916",41181,15.2666666666667,-16.8,8,"Africa","Mire",263,1659,0,157
"917",41183,60.25849,-149.90846,550,"North America","Glacial Scour Lake",7.25,6786.25,113.25,43
"918",41189,56.384444,-5.501389,70,"Europe","Mire",86,3591,347.5,28.75
"919",41212,51.492222,0.2225,0,"Europe","Marsh",107,4472.5,122.25,14.25
"920",41222,50.827778,-1.725833,45,"Europe","Mire",107,4119.75,157,24
"921",41224,50.6275,-3.981944,599,"Europe","Blanket Bog",77.75,3633.5,284.25,26
"922",41228,51.120278,-3.804722,446,"Europe","Mire",82.25,3829.75,279.25,26.5
"923",41241,55.09344,-4.43026,300,"Europe","Lacustrine",80.5,3675.25,222.5,27.25
"924",41245,41.632845,115.225425,1355,"Asia","Playa",37,12124.75,8,104.5
"925",41252,65.039444,125.036944,123,"Asia","Mire",-95,20370,27,51.5
"926",41264,73.3333333333333,124.2,35,"Asia","Lacustrine",-130,13914.75,38.75,30
"927",41280,51.519444,0.058889,4,"Europe","Riverine",107,4494.25,123,13.25
"928",41305,50.622778,-3.94271,517,"Europe","Mire",81,3643.75,224.5,27.25
"929",41310,50.655556,-3.91,401,"Europe","Mire",87.5,3662,189.75,27
"930",41329,51.065833,-3.6875,345,"Europe","Mire",88.5,3859.75,260.5,27
"931",41337,50.654722,-3.956944,598,"Europe","Blanket Bog",77.5,3652.25,268.5,26
"932",41345,52.529444,0.873889,37,"Europe","Solution Origin Lake",101,4353.5,128,13.5
"933",41351,52.581389,0.806389,38,"Europe","Solution Origin Lake",101,4348.5,126,14
"934",41421,50.905833,0.675278,3,"Europe","Floodplain Mire",108.75,4301,141,22
"935",41426,46.32603,7.07212,1780,"Europe","Glacial Origin Lake",28.5,6424.75,341,11.25
"936",41456,53.05513,14.13067,35,"Europe","Lacustrine",90.25,6690.5,94.25,26
"937",41467,46.05152,8.94329,416,"Europe","Glacial Origin Lake",113.25,6974,163.5,34.5
"938",41469,47.16969,7.66823,465,"Europe","Glacial Origin Lake",102,6454.25,233,17.75
"939",41476,50.6125,-3.962222,513,"Europe","Mire",80.75,3637,239.5,27
"940",41485,54.775335,-8.468235,40,"Europe","Glacial Scour Lake",100,3224.75,230.75,22
"941",41491,41.734405,24.139665,1547,"Europe","Bog",56.5,7477.75,113.75,20.5
"942",41497,68.10826,-140.85656,292,"North America","Bog",-76,15006.5,19,73
"943",41499,67.93275,-140.82609,335,"North America","Bog",-73.75,14795,22,66.75
"944",41502,55.022835,-8.3492,20,"Europe","Glacial Origin Lake",99.75,3150.5,265.75,23
"945",41527,43.528889,-5.768889,200,"Europe","Mire",143.5,4193.75,169.75,25.25
"946",41537,33.660655,-117.3534,376,"North America","Tectonic Origin Lake",180,5125.75,5,92
"947",41543,37.6,12.65,6,"Europe","Natural Lake",185,4955,13,61.25
"948",41580,38.08806,-105.63166,3450,"North America","Cirque Lake",-8.75,7823.25,34.5,53.25
"949",41587,37.01879,14.34455,7,"Europe","Natural Lake",188,5370.5,11.25,63.75
"950",41600,43.83784,10.3308,0,"Europe","Natural Lake",156,6549.25,89,36.5
"951",41627,-28.53103,28.47147,1700,"Africa","Fluvial",139.5,4528,29,60
"952",41631,44.1199,10.67378,1442,"Europe","Landslide Origin Lake",59.25,6610.25,169.75,25.5
"953",41634,44.32009,10.83865,675,"Europe","Swamp",105.5,6931.75,167.75,21.25
"954",41748,46.15726,7.36285,2343,"Europe","Glacial Origin Lake",3.5,6438.5,182.5,13
"955",41755,42.533333,-8.516667,260,"Europe","Soil",140.25,3575.75,97.75,51.5
"956",41756,47.172222,13.9,1750,"Europe","Mire",22.5,6910.75,149.25,36.25
"957",41764,70.0516,27.84761,183,"Europe","Glacial Origin Lake",-2,8374,62.5,36
"958",41770,45.99663,8.92794,337,"Europe","Glacial Origin Lake",116.75,7006.75,194,31
"959",41835,46.49394,9.84504,1768,"Europe","Glacial Origin Lake",30.5,6573,82.25,32.25
"960",41842,46.39429,7.97395,2557,"Europe","Mire",-9.5,6337.75,220.5,14.75
"961",41864,61.24441,-136.929375,1000,"North America","Glacial Origin Lake",-17,9644.75,26,62.5
"962",41909,40.341667,-7.576389,1409,"Europe","Glacial Origin Lake",84.75,5367.5,39.75,59.5
"963",41911,40.362778,-7.636111,1650,"Europe","Open-water Transition Mire",69.75,5276,66,51
"964",42001,46.147135,-85.493955,193,"North America","Glacial Origin Lake",53,8151.5,141.5,22
"965",42542,51.779185,10.493885,910,"Europe","Bog",49,6118,304.25,14
"966",42559,43.788365,-110.794225,2801,"North America","Moraine Dammed Lake",0.75,8079.75,118.25,25
"967",42563,55.018675,-8.38863,31,"Europe","Glacial Origin Lake",99.75,3138.5,272.5,24
"968",42570,48.731195,8.644115,666,"Europe","Mire",77.75,6372.5,226,11.5
"969",42668,48.42584,8.26188,839,"Europe","Lacustrine",67.25,6273,392,11.5
"970",42671,48.56961,8.2395,910,"Europe","Lacustrine",62.75,6252.25,390.5,10.25
"971",42673,48.574655,8.348515,747,"Europe","Lacustrine",70,6298,335,12.5
"972",42681,48.574655,8.348515,747,"Europe","Lacustrine",70,6298,335,12.5
"973",42683,48.71804,8.458815,909,"Europe","Lacustrine",64.5,6287.25,304.75,11
"974",42685,48.71804,8.458815,909,"Europe","Lacustrine",64.5,6287.25,304.75,11
"975",42692,48.66846,8.29549,830,"Europe","Lacustrine",67.5,6278,308.75,9
"976",42714,52.8455,14.10019,5,"Europe","Lacustrine",93.5,6740.5,94,24
"977",42720,50.100705,6.75778,336,"Europe","Volcanic Origin Lake",86.5,5961.75,163.5,11.75
"978",43295,-44.908576,-71.564436,940,"Latin America","Lake Marginal Fen",55.75,3480,134,43
"979",43513,46.46994,9.80624,1791,"Europe","Natural Lake",29,6571.5,83,31.75
"980",43525,57.351485,-7.269885,10,"Europe","Glacial Scour Lake",95.5,2739.25,195.75,27
"981",43533,58.265025,-6.7703,50,"Europe","Glacial Scour Lake",89.25,2678.5,232.25,27
"982",44723,47.090765,8.08088,596,"Europe","Kettle Lake",95,6480.25,234.75,23.75
"983",44896,53.19781,-4.10115,85,"Europe","Kettle Lake",98.5,3774.5,209.5,24
"984",44941,68.660445,16.3814,197,"Europe","Glacial Origin Lake",26.5,6551.25,133.5,33.25
"985",44951,48.33724,20.42514,315,"Europe","Bog",91,7890.25,110.5,35
"986",45105,39.987778,20.775556,1760,"Europe","Marsh",53.75,6601.25,118.75,44.25
"987",45107,39.885,20.595278,400,"Europe","Lacustrine",143.75,6766.25,55.25,60.75
"988",45117,45.33407,22.80349,1840,"Europe","Lacustrine",7.75,7479.25,153.75,33
"989",45144,46.366667,14.1,475,"Europe","Lacustrine",97.75,7322.75,211.75,20.5
"990",45170,40.433889,29.533056,88,"Asia","Lacustrine",152,6846.25,77.5,36
"991",45181,41.808333,-3.5725,900,"Europe","Mire",114.5,5951.25,56.75,29.75
"992",45188,40.546667,-6.209722,1100,"Europe","Mire",104.5,6066.5,54.75,43
"993",45192,42.126111,-6.070278,780,"Europe","Mire",119.75,5537.25,44,38
"994",45223,54.544167,-5.953056,36,"Europe","Fen",100,3483.5,182,17
"995",45281,47.1125,25.273611,1650,"Europe","Lacustrine",21.75,7731.75,101.75,47.75
"996",45298,46.466111,23.136389,1220,"Europe","Bog",43.25,7518.25,138.75,26.25
"997",45311,68.345556,19.1,348,"Europe","Natural Lake",-3,8763,58,32.25
"998",45312,68.166667,18.166667,995,"Europe","Lacustrine",-39.25,8355.5,94.5,29.5
"999",45314,67.966111,20.460278,380,"Europe","Natural Lake",-1.25,8869.5,74,42.25
"1000",45319,46.516667,32.616667,4,"Europe","Floodplain Mire",109,8824.5,79,19
"1001",45320,46.516667,32.616667,4,"Europe","Floodplain Mire",109,8824.5,79,19
"1002",45322,37.616667,12.633333,6,"Europe","Lacustrine",185.25,4951.75,13,61
"1003",45324,37.6,12.65,6,"Europe","Natural Lake",185,4955,13,61.25
"1004",45329,59.059722,11.617778,227,"Europe","Natural Lake",58.5,6885.75,166.75,23.25
"1005",45331,63.4575,8.454444,106,"Europe","Natural Lake",63.75,4615,242.75,27
"1006",45343,63.351389,8.877778,183,"Europe","Natural Lake",55.5,5102.75,256.75,25.5
"1007",45345,63.059722,9.416944,464,"Europe","Natural Lake",35.5,6045.5,177.75,23.75
"1008",45347,62.266667,9.833333,1169,"Europe","Natural Lake",-8,7006.25,66.25,40.25
"1009",45349,61.649167,9.876667,991,"Europe","Natural Lake",2.75,7182.75,95.75,37.25
"1010",45351,61.5625,10.267778,841,"Europe","Natural Lake",12,7253.75,97.5,32.5
"1011",45377,59.075,24.1,39,"Europe","Bog",61,7411.75,88,34.25
"1012",45379,59.175,24.431111,43,"Europe","Lacustrine",59,7530.75,90,33
"1013",45381,59.433333,25,32,"Europe","Drained Lake",58,7671.75,92.5,33
"1014",45383,59.489444,25.538611,33,"Europe","Lacustrine",56.5,7842,95.5,33
"1015",45385,59.451389,26.013889,75,"Europe","Lacustrine",52,7984,87,36.25
"1016",45387,59.451389,26.013889,75,"Europe","Lacustrine",52,7984,87,36.25
"1017",45389,58.059167,26.517222,122,"Europe","Lacustrine",52.5,8221,88.75,33.25
"1018",45391,57.808333,27.058333,90,"Europe","Lacustrine",55.75,8277,82.25,36
"1019",45393,57.737222,27.069167,250,"Europe","Mire",47,8213,98.5,34.5
"1020",45395,57.737222,27.069167,250,"Europe","Mire",47,8213,98.5,34.5
"1021",45398,57.675,27.075,244,"Europe","Lacustrine",48,8221.25,103,32.5
"1022",45404,58.4,27.233333,30,"Europe","Fen",58,8332.25,84,34.5
"1023",45636,68.52691,14.93089,106,"Europe","Natural Lake",48,4693.75,230,33.75
"1024",45639,68.48221,17.75935,290,"Europe","Natural Lake",9.25,8105.25,135.5,28.5
"1025",45642,68.444167,18.071667,515,"Europe","Natural Lake",-7,8292.75,118.75,28.25
"1026",45648,-27.4986111111111,153.454722222222,150,"Oceania","Natural Lake",200.75,3059,186.5,34
"1027",45698,60.83513,10.874495,338,"Europe","Natural Lake",44,7554.5,107.5,31.5
"1028",45701,61.108565,10.35931,591,"Europe","Natural Lake",28.25,7359.75,148.5,30.5
"1029",45704,59.626125,7.98669,665,"Europe","Natural Lake",28.5,6855.5,129,25.25
"1030",45707,59.34377,7.305195,520,"Europe","Natural Lake",35.5,6646.5,134,31.5
"1031",45710,59.67017,7.540515,890,"Europe","Natural Lake",15.75,6755.75,119.5,28
"1032",45713,59.79602,7.252055,978,"Europe","Natural Lake",8.75,6618.25,164.75,31
"1033",45716,59.8420545,6.992657,1144,"Europe","Natural Lake",3,6450.25,185,34
"1034",45719,58.537409,7.734035,180,"Europe","Natural Lake",65.25,6143.75,180.75,28.5
"1035",45722,58.3260095,7.78555,245,"Europe","Natural Lake",61.5,5866.75,224.75,30
"1036",45725,58.244145,8.004555,40,"Europe","Natural Lake",74.25,5834.75,217.25,30.5
"1037",45728,58.14445,7.913611,80,"Europe","Natural Lake",75.75,5709.25,232.25,30.5
"1038",45731,59.764875,7.434405,787,"Europe","Natural Lake",20.25,6744.75,127,29.75
"1039",46290,44.959675,-118.231425,2174,"North America","Glacial Origin Lake",15.75,7031.75,80.25,31
"1040",46292,47.24152,-113.910925,1263,"North America","Glacial Origin Lake",62.75,7907.5,79,24
"1041",46445,69.066667,36.066667,54,"Asia","Lacustrine",11.5,6454.25,68.25,31.25
"1042",46447,68.82667,35.32822,131,"Asia","Lacustrine",5.75,7313.5,60.75,38
"1043",46449,61.2684,46.75513,44,"Asia","Riverine",24,10571.5,70.75,33.5
"1044",46457,60.68702,29.14831,23,"Europe","Bog",46.25,8767,99.75,31
"1045",46462,55.118056,41.039722,112,"Asia","Bog",55,10161.5,91.25,27.5
"1046",46464,60.22891,30.04151,77,"Europe","Lacustrine",46.75,8713.5,88.5,35.75
"1047",46466,53.66192,38.5838,161,"Asia","Mire",56.75,9955.75,77.75,31.5
"1048",46469,60.3575,30.3133333333333,43,"Europe","Lacustrine",47,8776.5,83.25,33
"1049",46473,53.21161,35.77489,202,"Asia","Mire",58,9511.75,98.25,31.5
"1050",46475,54.951667,22.341111,34,"Europe","Raised Bog",76,7566.5,119.75,25
"1051",46477,58.10645,31.04442,41,"Europe","Bog",57,8866,86,32
"1052",46479,53.834722,36.2525,201,"Asia","Bog",56.5,9569.5,110.5,29
"1053",46481,56.285278,32.0275,205,"Europe","Bog",52.25,8907,109.75,29
"1054",46483,55.166667,36.416667,213,"Asia","Raised Bog",51.25,9499,101,32
"1055",46485,56.066667,37.333333,198,"Asia","Lacustrine",48.75,9560.75,92.75,31.25
"1056",46488,67.366667,62.75,110,"Asia","Lacustrine",-50.25,11762.75,91,25
"1057",46490,59.011111,29.977222,79,"Europe","Raised Bog",52,8700.5,98,32
"1058",46514,60.502222,29.516944,15,"Europe","Natural Lake",48.5,8726.5,82,33.75
"1059",46516,59.61457,28.61129,7,"Europe","Lacustrine",54.5,8268,98.75,30.75
"1060",46523,53.7666666666667,64.25,178,"Asia","Fen",31,12990.25,33.5,48
"1061",46535,9.68627,-83.942915,2310,"Latin America","Mire",134.5,394.75,183.25,55.5
"1062",46544,58.48888,25.77353,50,"Europe","Bog",57,8145.5,94,30
"1063",46611,41.433255,-106.33695,2980,"North America","Glacial Origin Lake",8,8284.25,81.75,20.75
"1064",46645,44.392785,-107.381835,2798,"North America","Glacial Origin Lake",-10.25,8736,58,47.75
"1065",46659,44.93616,-109.50024,2963,"North America","Glacial Scour Lake",-10,7919.75,97.25,27
"1066",46672,56.55185,-135.01205,46,"North America","Glacial Scour Lake",73.25,3720.75,496.75,39
"1067",46680,53.519745,-120.67606,878,"North America","Glacial Meltwater Channel Lake",38.75,8426.75,100.5,22.25
"1068",46682,42.75668,-120.57277,1378,"North America","Cave",93.5,7541,44,28.5
"1069",46684,42.75668,-120.57277,1378,"North America","Cave",93.5,7541,44,28.5
"1070",46689,-32.4238888888889,18.4944444444444,2,"Africa","Spring",183.75,3840.75,14,76
"1071",46709,-34.35415,21.53545,17,"Africa","Marsh",178.5,2820.75,97,19
"1072",46713,54.085278,24.121111,149,"Europe","Fen",72.25,7890,94.75,29
"1073",46714,54.085278,24.121111,149,"Europe","Fen",72.25,7890,94.75,29
"1074",46728,-19.778255,46.91939,1778,"Africa","Explosion Crater Lake",156.25,2192,14.25,98
"1075",46803,60.686945,-148.14344,100,"North America","Glacial Scour Lake",36.5,6194,686.25,29.75
"1076",47005,53.007345,-6.348035,130,"Europe","Natural Lake",88.5,3519.5,165.75,22
"1077",47259,29.973435,-99.37515,677,"North America","Cave",186.5,6643,104.25,29.5
"1078",47520,49.07525,13.40005,1079,"Europe","Cirque Lake",45.75,6816,249.25,19
"1079",47555,36.79913,-91.08998,243,"North America","Solution Origin Lake",141.25,8598.5,233.75,15
"1080",47557,36.79913,-91.08998,243,"North America","Solution Origin Lake",141.25,8598.5,233.75,15
"1081",47587,37.85262,14.12767,1323,"Europe","Mire",91.5,5388.25,51,47.25
"1082",47590,37.90121,14.39575,1044,"Europe","Natural Lake",116.5,5463.5,54.5,45.5
"1083",47608,-10.018333,34.186667,468,"Africa","Tectonic Origin Lake",239.75,2239,7,96
"1084",355,-16.366667,-68.15,4750,"Latin America","Mire",29.5,1780.25,27.5,70
"1085",356,-16.366667,-68.15,4350,"Latin America","Mire",29.5,1780.25,27.5,70
"1086",3494,-17.025,-67.35,4780,"Latin America","Mire",27,1919,23.75,82.75
"1087",14619,33.45,102.633333333333,3467,"Asia","Fen",21.75,6672.25,16.5,84
"1088",14648,35.264675,106.30884,2430,"Asia","Tectonic Origin Lake",38,8505.5,12,84
"1089",14921,-5.78747,145.04318,3910,"Oceania","Cirque Lake",49.75,187,500,23.5
"1090",17995,-13.950765,-68.99125,1360,"Latin America","Tectonic Origin Lake",197,1094.5,134.75,55.5
"1091",21533,4.57852,-71.330365,180,"Latin America","Fluvial Origin Lake",252,777,84.75,60.25
"1092",21537,-14.42793,-67.92057,330,"Latin America","Natural Lake (Origin Unknown)",248.75,1259.5,140,50.75
"1093",21541,4.44937,-70.53892,200,"Latin America","Fluvial Origin Lake",246,624.25,141.5,56
"1094",21543,4.659645,-71.45508,180,"Latin America","Fluvial Origin Lake",255,812,78.5,59.5
"1095",21551,4.59408,-71.44083,150,"Latin America","Fluvial Origin Lake",254,801,74.5,61
"1096",21553,3.302435,-73.36203,233,"Latin America","Fluvial Origin Lake",255,784.25,152.75,51
"1097",21557,3.36776,-73.415815,240,"Latin America","Fluvial Origin Lake",255.25,771.75,157.25,51
"1098",21580,-14.48093,-67.873205,350,"Latin America","Natural Lake",250,1267.25,144,51
"1099",21603,-13.091745,-71.708055,3401,"Latin America","Glacial Origin Lake",97,1111.25,90.25,64.75
"1100",21702,5.77789,-73.06724,2488,"Latin America","Drained Lake",141,240.5,133.25,37
"1101",21708,5.46061,-73.746565,2540,"Latin America","Tectonic Origin Lake",140,216.75,152.25,38.75
"1102",21744,4.698055,-74.27584,2550,"Latin America","Tectonic Origin Lake",140.5,186.75,169.75,37.25
"1103",21836,6.375867,-72.337485,3931,"Latin America","Glacial Origin Lake",49.5,284.25,100.75,43.5
"1104",21895,2.01125,-77.11505,580,"Latin America","Floodplain Mire",239,197.5,100.75,47.25
"1105",21903,2.01125,-77.11505,580,"Latin America","Floodplain Mire",239,197.5,100.75,47.25
"1106",21913,2.43268,-76.78055,1700,"Latin America","Fen",180.25,168.75,224.5,42.25
"1107",21917,3.981795,-74.157925,3547,"Latin America","Lake Marginal Fen",77.25,367.75,228.75,34.5
"1108",21921,2.10018,-77.05414,750,"Latin America","Fen",237.25,194,111,46
"1109",21938,5.216585,-74.00278,3647,"Latin America","Lake Marginal Fen",80.5,185.75,275,34
"1110",22101,6.47451,-76.09258,3460,"Latin America","Mire",78.25,191,275,29.25
"1111",40940,5.93487,10.24383,2273,"Africa","Explosion Crater Lake",148.5,1288,49.5,72.5
"1112",41247,25.87085,99.27974,2550,"Asia","Natural Lake",112.5,4768.25,62,59.25
"1113",41269,-3.22745,36.896035,1440,"Africa","Volcanic Origin Lake",204,1471.5,46.5,92
"1114",41298,1.52,30.575,619,"Africa","Tectonic Origin Lake",246,615.25,115.75,35.5
"1115",41582,7.86666666666667,39.3666666666667,4040,"Africa","Mire",83,915.5,43,67.25
"1116",46687,-0.372295,29.60975,920,"Africa","Tectonic Origin Lake",229.5,380.5,158,31
"1117",46695,-0.145306,37.301707,4350,"Africa","Lacustrine",38.75,651.75,158.75,55
"1118",46704,-0.46234,37.535985,2154,"Africa","Swamp",199.75,839.75,107.25,88
"1119",46998,-4.25547222222222,-79.1121388888889,3312,"Latin America","Natural Lake",85.25,447.75,179.5,41.75
"1120",47502,-3.98977777777778,-79.1451944444444,2810,"Latin America","Bog",124.25,422.75,224.5,33
"1121",47543,2.01125,-77.11505,580,"Latin America","Floodplain Mire",239,197.5,100.75,47.25
"1122",47561,-18.0918333333333,-57.5626666666667,92,"Latin America","Fluvial Origin Lake",261,1906,44.25,65.5
"1123",47564,-12.9973888888889,-65.9861388888889,125,"Latin America","Natural Lake",258,1131.25,88,61
"1124",47571,-0.345833333333333,-64.4988888888889,33,"Latin America","Floodplain",255,456.25,524,25
"1125",47595,-3.45,29.5333333333333,2240,"Africa","Mire",159.5,925.75,29,62
"1126",47597,-3.45,29.5333333333333,2240,"Africa","Mire",159.5,925.75,29,62
